facility_id,reporting_month,total_deliveries,live_births,neonatal_deaths_0_7d,neonatal_deaths_8_28d,stillbirths,death_birth_asphyxia,death_prematurity,death_sepsis,death_congenital,death_other,avg_gestational_age,preterm_births_28_32w,preterm_births_32_37w,apgar_less_7_at_5min,birth_weight_less_2500g
NYA001,2024-01,258,255,6,2,3,2,2,2,1,1,36.8,6,23,12,50
NYA002,2024-01,85,83,5,2,2,2,1,1,0,3,37.9,3,8,2,12
NYA003,2024-01,325,313,10,3,12,3,3,2,0,5,37.3,9,30,14,54
NYA004,2024-01,437,426,5,1,11,1,1,1,0,3,37.4,14,50,19,70
NYA005,2024-01,109,107,4,2,2,2,1,1,0,2,36.8,2,13,8,11
GAS006,2024-01,151,146,9,3,5,3,3,3,0,3,37.4,4,18,5,21
GAS007,2024-01,252,248,6,2,4,2,2,2,0,2,37.2,9,31,18,40
GAS008,2024-01,73,70,2,1,3,0,1,0,0,2,36.7,3,8,5,13
GAS009,2024-01,67,65,2,1,2,0,0,0,0,3,37.4,1,9,4,11
KIC010,2024-01,226,217,5,3,9,2,2,2,0,2,36.6,6,28,12,31
KIC011,2024-01,145,140,7,2,5,2,2,1,0,4,37.3,5,11,6,22
KIC012,2024-01,552,538,4,2,14,1,1,1,0,3,37.2,19,46,42,75
KIC013,2024-01,88,86,3,1,2,1,1,0,0,2,37.3,2,12,4,15
HUY014,2024-01,113,109,7,2,4,2,2,2,0,3,38.4,2,14,6,20
HUY015,2024-01,339,332,8,3,7,3,3,2,1,2,38.1,13,39,23,51
HUY016,2024-01,189,184,8,4,5,3,3,2,1,3,38.1,6,15,7,26
NYA017,2024-01,77,74,4,2,3,1,1,1,0,3,37.9,2,8,2,10
NYA018,2024-01,176,173,8,3,3,2,2,2,1,4,37.1,3,24,6,25
NYA019,2024-01,50,48,1,1,2,0,0,0,0,2,36.7,1,5,3,6
NYA020,2024-01,191,185,7,4,6,3,3,3,1,1,37.1,8,26,13,36
NYA021,2024-01,119,115,4,2,4,1,1,1,0,3,37.9,3,14,4,18
GIS022,2024-01,102,100,3,1,2,1,1,0,0,2,37.4,2,14,6,11
GIS023,2024-01,118,115,5,3,3,2,2,1,1,2,36.9,3,9,5,19
GIS024,2024-01,51,49,2,0,2,0,0,0,0,2,36.9,2,5,3,9
GIS025,2024-01,232,229,4,2,3,2,1,1,0,2,38.0,10,26,15,25
GIS026,2024-01,194,188,8,4,6,4,3,3,0,2,36.9,3,20,13,27
NYA027,2024-01,251,242,6,2,9,2,2,1,0,3,36.9,8,35,8,48
NYA028,2024-01,99,97,4,2,2,1,1,1,0,3,36.9,3,11,7,17
NYA029,2024-01,140,135,4,3,5,2,2,1,0,2,37.3,5,18,5,17
MUH030,2024-01,176,169,9,3,7,4,3,3,1,1,37.5,6,21,9,22
MUH031,2024-01,61,59,3,1,2,1,1,1,0,1,37.6,1,5,2,10
MUH032,2024-01,53,51,3,0,2,0,0,0,0,3,37.6,2,5,3,9
KAM033,2024-01,106,103,5,1,3,1,1,1,0,3,37.0,4,8,4,13
KAM034,2024-01,101,98,3,1,3,1,1,1,0,1,36.9,4,9,7,9
KAM035,2024-01,168,161,7,2,7,2,3,2,0,2,38.5,4,13,8,21
KAM036,2024-01,184,177,10,4,7,4,4,3,1,2,36.8,7,16,9,33
RUH037,2024-01,175,171,7,3,4,3,2,2,1,2,38.4,3,18,7,31
RUH038,2024-01,124,122,7,3,2,3,2,2,1,2,37.1,5,12,6,23
RUH039,2024-01,140,137,6,2,3,2,2,2,0,2,38.3,6,12,4,15
NYA040,2024-01,53,51,3,1,2,1,1,0,0,2,38.5,1,4,3,7
NYA041,2024-01,151,145,6,4,6,3,3,2,0,2,38.1,4,15,8,28
NYA042,2024-01,111,108,4,2,3,1,1,1,0,3,36.6,2,12,7,18
NYA043,2024-01,125,120,4,2,5,1,1,1,0,3,37.8,2,17,8,13
MUS044,2024-01,291,280,7,2,11,2,2,2,1,2,36.8,13,31,18,37
MUS045,2024-01,227,224,6,3,3,2,2,2,1,2,38.4,10,27,9,24
MUS046,2024-01,262,256,6,2,6,2,2,2,0,2,37.4,8,29,14,33
BUR047,2024-01,134,128,7,2,6,3,2,2,1,1,36.5,3,13,8,20
BUR048,2024-01,114,110,7,1,4,2,2,2,0,2,38.0,4,10,7,20
BUR049,2024-01,70,67,3,1,3,1,1,0,0,2,36.9,2,9,3,10
GAK050,2024-01,100,96,5,2,4,2,2,1,0,2,36.9,4,9,3,18
GAK051,2024-01,63,62,3,1,1,1,1,0,0,2,38.4,2,6,3,8
GAK052,2024-01,162,156,5,3,6,2,2,1,0,3,36.5,7,12,7,15
GAK053,2024-01,186,182,12,4,4,4,5,4,1,2,37.9,4,18,8,22
GAK054,2024-01,93,89,4,1,4,1,1,1,0,2,37.6,2,12,5,13
GIC055,2024-01,141,139,5,3,2,2,2,1,0,3,37.2,5,14,4,18
GIC056,2024-01,129,125,4,1,4,1,1,1,0,2,37.1,4,17,8,23
GIC057,2024-01,179,174,8,2,5,3,3,2,1,1,37.5,5,22,7,30
GIC058,2024-01,142,138,5,3,4,2,2,2,1,1,38.1,6,16,7,20
GIC059,2024-01,67,64,3,1,3,1,1,0,0,2,38.1,1,6,4,11
RUL060,2024-01,305,301,9,3,4,4,3,2,0,3,37.1,7,30,18,47
RUL061,2024-01,145,139,7,3,6,3,3,2,1,1,36.7,5,20,5,22
RUL062,2024-01,159,157,9,2,2,3,3,2,1,2,37.3,7,20,11,20
NGO063,2024-01,177,174,6,4,3,3,3,2,1,1,38.2,5,15,8,22
NGO064,2024-01,123,118,7,3,5,3,3,2,0,2,37.3,4,15,6,13
NGO065,2024-01,96,94,3,1,2,1,1,1,0,1,38.2,2,9,7,16
BUG066,2024-01,129,126,5,2,3,2,2,1,0,2,37.1,5,17,8,18
BUG067,2024-01,133,127,7,2,6,2,2,1,1,3,36.7,5,17,7,15
BUG068,2024-01,54,52,2,1,2,0,0,0,0,3,38.3,2,7,2,7
BUG069,2024-01,66,63,4,1,3,1,1,1,0,2,38.5,1,7,3,12
RWA070,2024-01,85,83,5,2,2,2,2,1,0,2,37.4,1,10,3,15
RWA071,2024-01,86,84,5,1,2,1,1,1,0,3,37.7,3,7,5,13
RWA072,2024-01,248,238,8,1,10,3,2,2,1,1,37.7,10,19,11,35
GAT073,2024-01,115,110,4,3,5,1,2,1,0,3,37.0,4,10,4,16
GAT074,2024-01,53,52,2,1,1,1,0,0,0,2,37.9,1,6,3,5
GAT075,2024-01,271,266,7,1,5,2,2,1,0,3,36.8,9,37,11,30
GAT076,2024-01,160,155,6,2,5,2,2,1,0,3,37.1,5,19,6,16
GAT077,2024-01,184,181,8,4,3,4,3,3,1,1,37.8,5,23,9,33
KAY078,2024-01,76,74,5,2,2,2,1,1,0,3,36.8,2,7,5,13
KAY079,2024-01,109,106,5,2,3,1,2,1,0,3,38.1,2,12,6,18
KAY080,2024-01,118,114,7,1,4,2,2,2,0,2,37.4,4,12,5,16
KAY081,2024-01,105,102,4,3,3,2,2,2,0,1,37.3,4,14,6,14
KIR082,2024-01,174,168,9,4,6,4,3,3,1,2,37.7,7,14,6,31
KIR083,2024-01,177,170,10,4,7,3,4,3,0,4,37.9,7,15,6,18
KIR084,2024-01,108,105,5,2,3,1,1,1,0,4,37.1,3,10,6,16
KIR085,2024-01,61,59,3,1,2,1,1,0,0,2,37.9,1,7,3,9
NYA086,2024-01,291,287,6,3,4,2,2,1,0,4,36.7,7,24,17,37
NYA087,2024-01,68,66,3,1,2,1,1,1,0,1,37.0,2,8,4,7
NYA088,2024-01,326,316,7,3,10,2,3,2,0,3,37.0,10,27,20,33
NYA089,2024-01,70,67,3,1,3,1,1,1,0,1,37.4,2,8,2,8
RUB090,2024-01,56,55,3,1,1,1,1,1,0,1,37.3,2,4,3,5
RUB091,2024-01,167,163,9,3,4,3,3,3,1,2,37.7,3,14,9,19
RUB092,2024-01,133,130,6,3,3,2,2,2,0,3,36.7,4,18,7,18
NYA093,2024-01,150,144,7,2,6,3,3,2,1,0,37.3,5,21,8,26
NYA094,2024-01,117,115,7,2,2,2,3,2,1,1,37.7,4,13,7,17
NYA095,2024-01,106,103,5,2,3,1,2,1,0,3,38.4,2,9,7,20
NYA096,2024-01,107,103,3,2,4,1,1,1,0,2,37.5,4,9,5,17
NYA097,2024-01,269,265,7,1,4,2,2,1,0,3,37.1,6,36,8,45
NGO098,2024-01,238,231,7,2,7,2,2,1,1,3,37.5,9,20,11,39
NGO099,2024-01,248,239,6,3,9,2,3,1,1,2,37.9,6,23,7,29
NGO100,2024-01,302,290,6,4,12,3,3,2,1,1,36.8,6,32,11,30
NGO101,2024-01,137,135,7,2,2,2,2,2,1,2,37.0,3,16,9,15
NGO102,2024-01,68,67,4,1,1,1,1,1,0,2,36.8,1,6,2,9
RUS103,2024-01,251,244,4,1,7,1,1,1,0,2,36.6,5,34,11,24
RUS104,2024-01,112,108,6,2,4,2,2,1,0,3,36.9,3,13,8,17
RUS105,2024-01,198,190,10,3,8,4,4,3,1,1,36.5,8,22,13,26
NYA106,2024-01,119,117,6,1,2,2,1,1,0,3,38.1,2,14,9,15
NYA107,2024-01,332,328,5,4,4,3,3,2,1,0,37.6,7,38,20,33
NYA108,2024-01,88,87,5,1,1,1,2,1,0,2,37.9,1,6,5,8
RUT109,2024-01,126,123,5,3,3,2,2,1,1,2,38.3,3,10,4,16
RUT110,2024-01,101,97,6,1,4,2,2,1,0,2,37.6,2,14,6,12
RUT111,2024-01,170,167,8,3,3,3,3,2,0,3,36.9,8,23,12,20
RUT112,2024-01,123,119,6,2,4,2,2,1,0,3,37.8,4,13,8,19
RUT113,2024-01,273,266,8,2,7,3,2,2,0,3,37.1,8,30,10,27
KAR114,2024-01,205,202,4,2,3,1,1,1,0,3,37.1,6,23,13,23
KAR115,2024-01,204,200,3,2,4,1,1,1,0,2,37.0,6,24,9,24
KAR116,2024-01,70,67,4,1,3,1,1,1,0,2,37.1,1,9,2,7
KAR117,2024-01,285,280,9,3,5,4,3,3,0,2,36.8,9,27,20,46
NYA001,2024-01,212,204,6,2,8,2,2,1,1,2,36.6,6,16,9,40
NYA002,2024-01,51,49,3,0,2,0,0,0,0,3,36.9,1,6,3,5
NYA003,2024-01,284,278,6,2,6,2,2,1,0,3,37.8,11,30,13,51
NYA004,2024-01,550,528,5,3,22,2,2,1,0,3,36.8,12,69,16,100
NYA005,2024-01,81,78,3,1,3,1,1,0,0,2,37.5,1,8,5,9
GAS006,2024-01,116,114,5,2,2,2,2,1,0,2,37.8,3,14,5,17
GAS007,2024-01,334,328,9,4,6,3,3,3,0,4,38.2,11,36,13,54
GAS008,2024-01,97,95,4,1,2,1,1,1,0,2,37.9,3,8,4,12
GAS009,2024-01,54,53,2,1,1,0,0,0,0,3,38.2,2,7,2,6
KIC010,2024-01,339,334,9,4,5,3,3,3,0,4,37.5,7,44,15,63
KIC011,2024-01,165,158,9,2,7,3,3,3,0,2,37.8,5,22,9,29
KIC012,2024-01,508,502,5,1,6,1,1,1,0,3,38.3,15,54,36,53
KIC013,2024-01,118,115,4,2,3,2,1,1,0,2,36.5,2,15,3,21
HUY014,2024-01,191,183,10,4,8,3,3,2,0,6,38.4,4,22,10,34
HUY015,2024-01,335,322,9,3,13,3,3,2,1,3,38.0,15,25,9,36
HUY016,2024-01,173,170,6,3,3,2,2,2,1,2,37.9,4,20,10,33
NYA017,2024-01,55,53,3,1,2,1,1,0,0,2,37.1,1,4,2,7
NYA018,2024-01,110,108,5,2,2,2,1,1,0,3,37.9,3,15,4,12
NYA019,2024-01,103,99,5,1,4,1,1,1,0,3,38.1,3,9,4,19
NYA020,2024-01,195,191,9,4,4,4,4,3,1,1,38.2,5,26,6,22
NYA021,2024-01,104,100,5,1,4,2,1,1,0,2,37.5,2,11,4,12
GIS022,2024-01,60,57,2,0,3,0,0,0,0,2,37.9,2,6,2,9
GIS023,2024-01,185,179,9,3,6,3,3,2,1,3,38.1,7,22,12,25
GIS024,2024-01,62,61,2,1,1,0,0,0,0,3,38.0,2,6,3,11
GIS025,2024-01,302,298,8,2,4,3,2,2,1,2,38.4,7,29,15,59
GIS026,2024-01,114,111,7,2,3,2,2,2,0,3,37.3,4,10,8,18
NYA027,2024-01,293,285,7,3,8,3,2,2,1,2,37.8,6,36,20,54
NYA028,2024-01,93,91,5,2,2,2,2,1,0,2,37.5,2,8,2,9
NYA029,2024-01,146,143,8,2,3,3,3,2,0,2,37.8,6,18,7,17
MUH030,2024-01,191,186,7,3,5,2,2,2,0,4,38.2,7,17,11,21
MUH031,2024-01,89,85,5,1,4,1,2,1,0,2,37.5,4,11,6,13
MUH032,2024-01,51,49,3,0,2,0,1,0,0,2,37.6,2,6,3,5
KAM033,2024-01,56,54,1,1,2,0,0,0,0,2,38.0,1,5,3,8
KAM034,2024-01,51,49,2,1,2,1,0,0,0,2,38.2,1,6,3,6
KAM035,2024-01,194,189,9,3,5,4,3,2,1,2,38.1,8,16,8,31
KAM036,2024-01,200,197,12,4,3,4,4,4,1,3,36.8,5,16,13,38
RUH037,2024-01,118,114,4,2,4,1,1,1,0,3,37.0,4,11,8,16
RUH038,2024-01,182,176,11,3,6,3,3,3,1,4,36.9,4,17,13,18
RUH039,2024-01,126,123,7,3,3,3,2,2,0,3,36.6,3,17,7,20
NYA040,2024-01,63,61,2,1,2,0,0,0,0,3,38.4,2,5,4,8
NYA041,2024-01,195,189,7,3,6,3,2,2,1,2,37.1,3,15,6,21
NYA042,2024-01,69,66,4,1,3,1,1,1,0,2,38.3,1,7,4,8
NYA043,2024-01,137,135,5,3,2,2,2,1,0,3,36.8,3,12,9,26
MUS044,2024-01,289,279,8,3,10,3,3,3,1,1,37.3,9,37,21,55
MUS045,2024-01,307,298,9,2,9,3,3,2,1,2,38.1,6,24,18,48
MUS046,2024-01,217,208,5,2,9,1,2,1,0,3,37.7,6,25,13,29
BUR047,2024-01,148,144,6,4,4,3,3,2,1,1,37.6,5,16,5,19
BUR048,2024-01,55,54,2,1,1,0,0,0,0,3,37.6,2,8,2,5
BUR049,2024-01,101,99,6,1,2,2,1,1,0,3,36.9,3,8,5,11
GAK050,2024-01,114,110,5,2,4,1,1,1,0,4,37.7,5,13,8,11
GAK051,2024-01,76,73,3,1,3,1,1,0,0,2,36.9,2,10,5,8
GAK052,2024-01,169,164,7,3,5,3,2,2,0,3,36.7,7,14,8,31
GAK053,2024-01,127,122,4,3,5,2,2,1,0,2,37.0,3,17,7,18
GAK054,2024-01,84,80,3,2,4,1,1,1,0,2,37.0,1,10,4,10
GIC055,2024-01,167,161,6,4,6,3,2,2,0,3,36.7,7,14,12,21
GIC056,2024-01,194,190,9,5,4,3,3,2,1,5,38.3,7,18,10,25
GIC057,2024-01,151,147,9,3,4,3,3,3,1,2,38.0,3,21,7,25
GIC058,2024-01,129,124,4,3,5,2,2,1,0,2,37.3,3,14,6,14
GIC059,2024-01,72,70,3,1,2,1,1,0,0,2,38.0,2,7,5,12
RUL060,2024-01,293,287,9,3,6,3,3,3,1,2,36.5,8,33,9,51
RUL061,2024-01,119,114,4,1,5,1,1,1,0,2,37.8,4,9,6,21
RUL062,2024-01,165,158,6,3,7,2,3,2,0,2,37.6,7,21,7,18
NGO063,2024-01,150,146,6,3,4,2,3,2,1,1,37.6,3,12,5,18
NGO064,2024-01,190,183,11,4,7,4,3,3,2,3,37.2,8,21,13,27
NGO065,2024-01,102,98,4,2,4,2,1,1,0,2,38.4,3,11,3,12
BUG066,2024-01,191,186,9,3,5,3,3,3,1,2,36.8,3,26,13,22
BUG067,2024-01,151,148,9,3,3,4,3,3,1,1,36.9,5,13,6,29
BUG068,2024-01,103,100,6,2,3,2,2,2,0,2,37.6,2,9,6,15
BUG069,2024-01,52,51,1,1,1,0,0,0,0,2,37.6,2,5,3,6
RWA070,2024-01,73,71,2,1,2,0,0,0,0,3,36.9,2,6,4,11
RWA071,2024-01,65,64,2,1,1,0,0,0,0,3,38.4,2,6,3,11
RWA072,2024-01,274,270,4,1,4,1,1,1,0,2,38.0,6,36,11,44
GAT073,2024-01,54,53,2,1,1,0,0,0,0,3,37.6,2,4,3,5
GAT074,2024-01,108,104,7,1,4,2,2,1,1,2,37.3,2,15,4,13
GAT075,2024-01,328,323,7,3,5,3,2,2,1,2,38.3,12,38,21,37
GAT076,2024-01,168,162,7,3,6,2,2,2,1,3,36.6,5,16,7,27
GAT077,2024-01,121,119,5,2,2,2,2,1,0,2,38.3,4,16,6,15
KAY078,2024-01,108,106,4,2,2,1,1,1,0,3,37.3,3,14,4,17
KAY079,2024-01,82,79,4,2,3,1,1,1,0,3,36.7,2,10,4,12
KAY080,2024-01,57,55,3,0,2,0,0,0,0,3,36.9,2,7,3,10
KAY081,2024-01,127,125,4,3,2,2,1,2,0,2,36.7,4,13,6,22
KIR082,2024-01,180,176,10,2,4,4,3,3,0,2,38.4,8,14,7,33
KIR083,2024-01,181,176,7,3,5,2,3,2,1,2,38.4,8,23,7,31
KIR084,2024-01,77,76,4,1,1,1,1,1,0,2,38.3,2,9,5,14
KIR085,2024-01,62,59,2,1,3,0,0,0,0,3,36.8,2,5,2,8
NYA086,2024-01,307,301,9,2,6,3,2,2,1,3,36.7,12,28,14,50
NYA087,2024-01,91,87,3,2,4,1,1,1,0,2,38.3,2,7,3,17
NYA088,2024-01,205,201,6,1,4,1,2,1,1,2,36.8,6,20,7,31
NYA089,2024-01,73,70,3,1,3,1,1,0,0,2,38.4,3,6,4,7
RUB090,2024-01,117,114,6,3,3,2,2,1,1,3,36.6,4,15,3,15
RUB091,2024-01,143,141,9,2,2,2,3,3,0,3,36.9,6,13,6,23
RUB092,2024-01,112,107,5,1,5,2,1,1,0,2,38.3,3,13,4,13
NYA093,2024-01,186,179,7,5,7,3,3,3,1,2,37.7,8,22,8,27
NYA094,2024-01,80,77,4,1,3,1,1,1,0,2,36.7,1,9,5,9
NYA095,2024-01,165,162,9,2,3,3,2,3,1,2,38.5,5,14,5,25
NYA096,2024-01,61,59,3,1,2,1,1,0,0,2,36.8,2,5,2,10
NYA097,2024-01,333,321,5,3,12,2,2,1,0,3,36.9,8,26,16,32
NGO098,2024-01,215,210,3,2,5,1,1,1,0,2,38.0,9,17,15,24
NGO099,2024-01,241,235,6,3,6,2,2,2,1,2,36.7,11,19,13,30
NGO100,2024-01,257,249,7,2,8,2,2,2,0,3,37.0,7,36,9,46
NGO101,2024-01,196,192,7,5,4,3,3,2,1,3,38.2,5,24,7,23
NGO102,2024-01,57,56,2,1,1,1,0,0,0,2,37.6,2,7,3,11
RUS103,2024-01,209,206,3,2,3,1,1,1,0,2,37.1,8,18,15,37
RUS104,2024-01,103,99,6,2,4,2,2,2,0,2,37.0,3,8,6,13
RUS105,2024-01,100,96,6,2,4,2,2,2,0,2,37.4,2,12,7,13
NYA106,2024-01,109,105,4,3,4,2,2,2,0,1,38.1,4,14,5,14
NYA107,2024-01,208,201,3,2,7,1,1,1,0,2,37.8,4,27,15,39
NYA108,2024-01,101,98,4,2,3,1,1,1,0,3,37.7,2,12,7,15
RUT109,2024-01,162,158,5,3,4,2,2,1,1,2,38.0,6,17,5,17
RUT110,2024-01,95,93,5,2,2,1,2,1,0,3,37.5,4,11,4,9
RUT111,2024-01,111,106,5,3,5,2,2,2,0,2,37.3,2,11,7,19
RUT112,2024-01,117,113,6,1,4,1,2,1,0,3,38.1,3,14,7,21
RUT113,2024-01,277,267,4,2,10,1,1,1,0,3,37.5,7,27,11,52
KAR114,2024-01,265,256,7,3,9,3,3,2,0,2,37.5,10,28,11,32
KAR115,2024-01,223,217,3,2,6,1,1,1,0,2,36.8,7,26,10,37
KAR116,2024-01,116,113,6,2,3,2,2,1,0,3,38.1,4,12,8,12
KAR117,2024-01,292,280,4,2,12,1,1,1,0,3,37.0,13,28,12,49
NYA001,2024-03,242,232,7,2,10,2,3,2,0,2,38.1,9,20,10,38
NYA002,2024-03,88,87,3,2,1,1,1,1,0,2,38.3,2,11,5,9
NYA003,2024-03,254,249,7,1,5,2,2,2,0,2,37.6,9,26,15,39
NYA004,2024-03,585,567,5,2,18,2,1,1,0,3,36.9,25,78,22,98
NYA005,2024-03,73,72,3,1,1,1,1,0,0,2,38.2,3,8,5,12
GAS006,2024-03,119,114,5,2,5,2,1,1,0,3,38.2,4,10,4,20
GAS007,2024-03,318,314,10,2,4,3,3,3,0,3,36.8,7,27,18,58
GAS008,2024-03,83,80,4,1,3,1,1,1,0,2,37.9,3,9,6,10
GAS009,2024-03,97,95,5,2,2,2,1,1,0,3,37.8,3,13,5,18
KIC010,2024-03,294,284,5,2,10,2,1,1,0,3,36.6,12,35,10,35
KIC011,2024-03,111,107,4,2,4,1,2,1,0,2,36.7,3,11,4,11
KIC012,2024-03,424,409,5,1,15,1,1,1,0,3,37.4,8,59,13,72
KIC013,2024-03,111,109,4,2,2,2,1,1,0,2,37.6,4,12,7,18
HUY014,2024-03,151,147,7,3,4,3,3,2,1,1,38.4,4,20,7,20
HUY015,2024-03,260,251,6,1,9,2,2,1,0,2,37.6,9,32,9,37
HUY016,2024-03,111,109,4,3,2,2,2,1,0,2,37.6,4,10,5,15
NYA017,2024-03,115,110,6,2,5,2,2,2,1,1,36.7,5,15,4,17
NYA018,2024-03,176,170,10,3,6,3,3,3,0,4,38.3,5,15,5,25
NYA019,2024-03,89,86,3,1,3,1,1,1,0,1,37.9,2,10,4,9
NYA020,2024-03,173,169,10,3,4,4,3,3,1,2,36.8,7,14,5,30
NYA021,2024-03,94,92,3,2,2,1,1,1,0,2,36.6,3,11,4,13
GIS022,2024-03,95,93,3,1,2,1,1,0,0,2,38.2,3,9,7,13
GIS023,2024-03,160,156,6,3,4,3,2,1,0,3,36.8,5,17,5,31
GIS024,2024-03,118,116,6,1,2,1,2,1,0,3,37.2,4,16,6,22
GIS025,2024-03,227,220,3,2,7,1,1,1,0,2,37.8,9,26,13,38
GIS026,2024-03,118,113,7,2,5,2,2,2,0,3,38.0,4,16,6,17
NYA027,2024-03,329,319,8,4,10,3,3,3,0,3,38.4,15,46,17,53
NYA028,2024-03,104,102,5,1,2,1,1,1,0,3,38.1,4,10,5,15
NYA029,2024-03,158,153,6,3,5,2,2,2,0,3,38.3,5,19,5,18
MUH030,2024-03,163,160,6,3,3,2,2,2,1,2,37.8,4,15,6,22
MUH031,2024-03,119,115,4,2,4,1,1,1,0,3,38.2,3,16,3,11
MUH032,2024-03,77,75,4,2,2,1,1,1,0,3,37.6,1,9,3,8
KAM033,2024-03,56,53,3,1,3,1,1,1,0,1,37.3,1,7,2,5
KAM034,2024-03,106,103,4,2,3,1,2,1,0,2,36.8,3,11,5,16
KAM035,2024-03,128,124,4,3,4,2,2,1,0,2,37.7,4,18,9,20
KAM036,2024-03,180,177,9,4,3,3,4,3,1,2,38.2,3,19,5,31
RUH037,2024-03,186,182,11,5,4,5,5,4,1,1,38.4,7,26,9,28
RUH038,2024-03,137,133,8,3,4,3,3,2,1,2,38.4,5,19,7,21
RUH039,2024-03,122,119,8,1,3,2,3,1,1,2,37.7,3,17,6,13
NYA040,2024-03,80,77,3,1,3,1,1,0,0,2,37.7,2,7,5,12
NYA041,2024-03,148,143,8,3,5,2,2,2,1,4,38.4,3,14,9,23
NYA042,2024-03,63,61,2,1,2,0,0,0,0,3,37.3,2,6,3,9
NYA043,2024-03,101,98,5,1,3,1,1,1,0,3,36.9,3,11,6,13
MUS044,2024-03,316,306,5,2,10,2,2,1,0,2,36.6,11,40,20,49
MUS045,2024-03,289,281,7,3,8,3,2,2,1,2,36.9,11,26,19,52
MUS046,2024-03,345,340,7,4,5,3,3,3,1,1,36.8,11,45,14,43
BUR047,2024-03,119,116,6,3,3,3,3,2,0,1,38.3,3,13,7,14
BUR048,2024-03,59,57,2,1,2,1,0,0,0,2,36.7,1,5,2,6
BUR049,2024-03,95,93,4,2,2,1,1,1,0,3,36.5,4,9,4,12
GAK050,2024-03,98,95,6,1,3,2,1,1,0,3,37.4,3,7,5,13
GAK051,2024-03,116,113,6,3,3,2,2,2,1,2,36.8,5,11,5,13
GAK052,2024-03,134,128,8,3,6,3,3,3,1,1,37.1,6,13,6,17
GAK053,2024-03,175,168,9,3,7,3,3,2,0,4,38.0,4,19,11,25
GAK054,2024-03,117,114,5,2,3,1,1,1,0,4,37.2,4,9,7,15
GIC055,2024-03,113,110,6,3,3,2,2,1,1,3,37.7,4,13,4,19
GIC056,2024-03,141,137,8,3,4,3,3,2,0,3,37.6,6,14,8,23
GIC057,2024-03,186,183,10,2,3,3,3,2,1,3,37.0,4,19,7,23
GIC058,2024-03,114,111,5,2,3,2,2,2,0,1,37.8,4,9,7,15
GIC059,2024-03,50,48,2,0,2,0,0,0,0,2,38.1,1,7,3,6
RUL060,2024-03,280,269,6,3,11,2,2,2,0,3,38.4,10,24,19,38
RUL061,2024-03,136,131,8,2,5,3,2,2,0,3,38.2,5,13,6,25
RUL062,2024-03,128,125,7,3,3,3,3,2,0,2,38.1,3,15,9,23
NGO063,2024-03,177,174,10,3,3,3,3,3,1,3,36.7,8,26,5,17
NGO064,2024-03,139,134,5,2,5,2,2,1,0,2,37.0,5,11,4,16
NGO065,2024-03,117,112,3,2,5,1,1,1,0,2,37.7,3,15,4,18
BUG066,2024-03,176,170,11,2,6,3,4,2,1,3,37.8,8,15,10,21
BUG067,2024-03,193,189,7,4,4,3,3,2,0,3,37.6,8,26,13,34
BUG068,2024-03,96,93,4,2,3,1,1,1,0,3,38.0,2,11,6,10
BUG069,2024-03,78,75,3,1,3,1,1,0,0,2,38.1,3,9,2,8
RWA070,2024-03,87,85,5,1,2,1,1,1,0,3,36.6,4,7,4,15
RWA071,2024-03,91,89,5,1,2,1,1,1,0,3,38.1,3,10,4,12
RWA072,2024-03,255,248,7,3,7,2,3,2,0,3,38.5,11,21,14,25
GAT073,2024-03,111,107,4,1,4,1,1,1,0,2,37.1,5,11,5,16
GAT074,2024-03,70,68,2,1,2,0,0,0,0,3,37.1,3,9,4,11
GAT075,2024-03,306,301,8,3,5,3,3,3,0,2,38.3,7,24,20,48
GAT076,2024-03,170,168,9,3,2,3,3,3,1,2,37.1,4,14,11,23
GAT077,2024-03,192,188,11,3,4,3,4,4,1,2,37.6,5,16,9,37
KAY078,2024-03,70,68,2,1,2,0,0,0,0,3,37.2,1,8,4,8
KAY079,2024-03,74,72,3,1,2,1,1,1,0,1,37.6,2,8,4,11
KAY080,2024-03,57,55,3,1,2,1,1,0,0,2,36.5,2,5,2,9
KAY081,2024-03,139,136,7,3,3,2,2,2,1,3,38.0,4,18,7,22
KIR082,2024-03,178,175,11,4,3,4,3,3,1,4,36.6,4,22,8,21
KIR083,2024-03,124,120,6,2,4,2,2,1,0,3,36.6,2,13,8,15
KIR084,2024-03,114,110,5,3,4,2,2,2,0,2,37.9,2,9,7,12
KIR085,2024-03,112,110,6,3,2,2,3,2,1,1,37.7,3,14,7,20
NYA086,2024-03,288,277,7,3,11,2,2,2,0,4,38.5,6,27,20,45
NYA087,2024-03,90,86,5,2,4,2,2,1,0,2,38.3,2,8,4,16
NYA088,2024-03,267,259,7,2,8,2,2,2,0,3,38.1,11,22,10,25
NYA089,2024-03,78,76,4,1,2,1,1,1,0,2,37.1,1,9,3,14
RUB090,2024-03,55,53,3,0,2,0,0,0,0,3,37.5,1,5,2,6
RUB091,2024-03,112,110,4,2,2,1,1,1,0,3,37.2,3,13,7,15
RUB092,2024-03,128,126,5,3,2,2,2,1,0,3,37.4,3,16,4,20
NYA093,2024-03,132,129,4,2,3,1,2,1,0,2,37.8,4,18,9,24
NYA094,2024-03,103,99,4,1,4,1,1,1,0,2,37.2,2,8,5,14
NYA095,2024-03,155,151,7,3,4,3,3,2,0,2,38.3,5,20,8,25
NYA096,2024-03,50,49,2,0,1,0,0,0,0,2,37.2,1,7,1,9
NYA097,2024-03,302,296,6,2,6,2,2,1,1,2,37.1,11,28,19,39
NGO098,2024-03,217,208,7,1,9,2,2,1,0,3,36.9,4,29,6,28
NGO099,2024-03,287,275,4,2,12,2,1,1,0,2,37.1,7,30,8,43
NGO100,2024-03,223,220,6,2,3,2,2,2,0,2,37.8,10,27,15,38
NGO101,2024-03,161,158,6,4,3,3,3,2,1,1,37.1,3,21,7,26
NGO102,2024-03,71,69,2,1,2,1,0,0,0,2,37.3,2,7,3,9
RUS103,2024-03,235,230,4,1,5,1,1,1,0,2,36.6,5,27,7,42
RUS104,2024-03,172,170,8,3,2,3,3,2,1,2,36.7,5,21,5,25
RUS105,2024-03,174,170,7,3,4,2,2,2,0,4,38.4,4,17,5,22
NYA106,2024-03,63,61,4,1,2,1,1,1,0,2,36.7,1,8,3,12
NYA107,2024-03,268,259,4,2,9,2,1,1,0,2,37.9,9,28,14,48
NYA108,2024-03,75,72,4,1,3,1,1,1,0,2,36.9,1,9,3,8
RUT109,2024-03,135,133,6,3,2,2,2,2,0,3,37.6,5,17,4,19
RUT110,2024-03,64,63,2,1,1,0,0,0,0,3,38.1,1,6,3,10
RUT111,2024-03,177,172,11,4,5,4,4,3,0,4,37.0,8,18,5,19
RUT112,2024-03,177,175,8,3,2,3,2,2,1,3,38.2,4,16,6,18
RUT113,2024-03,209,205,6,1,4,1,2,1,0,3,38.5,9,22,12,25
KAR114,2024-03,337,332,10,2,5,3,3,2,1,3,38.5,10,27,25,42
KAR115,2024-03,303,297,8,3,6,3,3,3,0,2,37.7,6,27,16,40
KAR116,2024-03,89,86,4,2,3,2,1,1,0,2,37.9,3,9,3,11
KAR117,2024-03,323,313,7,3,10,3,3,2,0,2,37.0,8,46,18,40
NYA001,2024-03,237,228,6,1,9,1,2,1,0,3,36.6,6,21,14,32
NYA002,2024-03,61,59,3,1,2,1,1,0,0,2,36.9,2,6,4,7
NYA003,2024-03,257,247,6,3,10,2,2,2,0,3,38.1,10,24,17,49
NYA004,2024-03,428,423,5,1,5,2,1,1,0,2,36.7,10,46,18,45
NYA005,2024-03,84,80,5,2,4,2,1,1,0,3,38.2,3,7,6,14
GAS006,2024-03,156,150,5,2,6,2,2,1,1,1,37.8,6,16,7,26
GAS007,2024-03,329,323,7,4,6,3,3,2,1,2,37.3,9,43,12,36
GAS008,2024-03,59,57,2,0,2,0,0,0,0,2,37.4,2,6,4,6
GAS009,2024-03,115,111,4,2,4,1,1,1,0,3,37.8,5,13,8,20
KIC010,2024-03,205,202,6,3,3,2,2,1,0,4,37.9,5,20,13,29
KIC011,2024-03,119,117,4,2,2,1,1,1,0,3,37.2,5,10,5,12
KIC012,2024-03,450,434,5,1,16,1,1,1,0,3,36.6,11,43,30,75
KIC013,2024-03,82,80,5,1,2,1,1,1,0,3,36.9,3,8,3,10
HUY014,2024-03,176,169,6,3,7,2,2,2,1,2,37.3,5,13,5,23
HUY015,2024-03,263,257,4,3,6,2,1,1,0,3,38.3,6,26,8,32
HUY016,2024-03,183,180,6,3,3,2,2,2,0,3,36.9,8,26,8,27
NYA017,2024-03,67,65,4,1,2,1,1,1,0,2,37.6,1,6,3,11
NYA018,2024-03,188,181,9,3,7,3,4,2,1,2,37.6,6,20,13,27
NYA019,2024-03,102,97,3,2,5,1,1,1,0,2,37.8,2,8,4,17
NYA020,2024-03,194,188,7,5,6,3,3,2,1,3,36.8,8,16,5,19
NYA021,2024-03,117,115,5,2,2,2,2,1,0,2,38.0,5,10,8,12
GIS022,2024-03,67,64,2,1,3,1,0,0,0,2,37.7,1,8,4,8
GIS023,2024-03,141,137,5,3,4,2,2,1,0,3,38.1,5,20,7,19
GIS024,2024-03,67,64,3,1,3,1,1,0,0,2,36.6,3,9,2,7
GIS025,2024-03,287,278,4,3,9,1,2,1,0,3,38.3,12,33,20,45
GIS026,2024-03,141,135,7,2,6,2,2,2,0,3,37.2,2,11,9,20
NYA027,2024-03,201,196,6,1,5,2,1,1,0,3,36.7,9,20,12,28
NYA028,2024-03,63,61,4,1,2,1,1,1,0,2,37.7,1,6,2,6
NYA029,2024-03,111,107,6,1,4,1,2,1,0,3,37.9,5,15,3,18
MUH030,2024-03,187,180,10,3,7,3,4,2,1,3,38.4,8,26,12,29
MUH031,2024-03,119,116,5,3,3,2,2,2,0,2,36.7,5,10,6,15
MUH032,2024-03,118,115,7,2,3,2,3,2,1,1,36.9,3,16,5,21
KAM033,2024-03,107,104,5,2,3,2,1,1,0,3,37.7,4,12,5,17
KAM034,2024-03,93,91,3,2,2,1,1,1,0,2,38.1,1,7,3,11
KAM035,2024-03,190,182,9,4,8,3,4,3,1,2,37.1,7,19,8,19
KAM036,2024-03,181,175,6,3,6,2,2,1,0,4,37.5,5,25,7,20
RUH037,2024-03,123,121,5,3,2,2,2,1,0,3,38.3,3,16,8,12
RUH038,2024-03,122,119,7,2,3,2,2,2,1,2,38.0,4,16,6,16
RUH039,2024-03,178,172,9,3,6,3,3,3,1,2,38.2,8,19,7,30
NYA040,2024-03,120,115,7,2,5,3,3,1,0,2,38.3,3,10,3,14
NYA041,2024-03,148,145,6,2,3,2,2,2,1,1,38.2,4,13,5,21
NYA042,2024-03,72,70,4,1,2,1,1,1,0,2,37.1,1,5,3,12
NYA043,2024-03,179,173,6,2,6,2,2,1,1,2,37.4,6,25,7,34
MUS044,2024-03,322,309,8,2,13,2,2,2,0,4,37.4,11,45,17,47
MUS045,2024-03,225,216,5,2,9,1,2,1,0,3,36.7,6,17,14,27
MUS046,2024-03,201,193,3,1,8,1,1,0,0,2,37.3,4,22,6,24
BUR047,2024-03,139,135,9,2,4,3,3,3,1,1,37.9,5,15,5,20
BUR048,2024-03,119,116,5,2,3,2,2,1,1,1,38.3,2,11,5,22
BUR049,2024-03,99,97,5,1,2,1,1,1,0,3,37.4,2,8,5,16
GAK050,2024-03,67,65,2,1,2,0,0,0,0,3,37.1,2,6,2,12
GAK051,2024-03,54,52,2,1,2,0,0,0,0,3,38.3,1,4,2,9
GAK052,2024-03,189,186,8,5,3,4,4,2,1,2,37.6,7,22,9,18
GAK053,2024-03,125,121,6,2,4,2,2,1,0,3,37.7,3,14,6,18
GAK054,2024-03,77,75,3,1,2,1,1,0,0,2,37.9,1,10,2,11
GIC055,2024-03,101,97,5,2,4,2,2,1,0,2,38.1,2,10,4,12
GIC056,2024-03,138,134,7,3,4,3,2,2,0,3,37.9,5,13,7,23
GIC057,2024-03,135,133,5,2,2,1,2,1,0,3,38.4,4,13,4,15
GIC058,2024-03,167,162,9,4,5,3,4,3,0,3,36.5,6,22,6,23
GIC059,2024-03,76,74,5,1,2,1,1,1,0,3,38.3,1,9,4,14
RUL060,2024-03,222,213,5,2,9,2,2,2,0,1,38.0,6,31,9,36
RUL061,2024-03,171,167,10,4,4,4,4,3,2,1,37.8,6,14,7,20
RUL062,2024-03,111,109,6,2,2,2,2,2,1,1,36.9,2,10,3,11
NGO063,2024-03,104,102,5,1,2,1,1,1,0,3,36.7,4,13,5,12
NGO064,2024-03,128,122,4,2,6,1,1,1,0,3,37.5,4,11,8,21
NGO065,2024-03,112,108,6,1,4,1,2,1,0,3,37.3,5,8,3,12
BUG066,2024-03,189,181,10,3,8,4,3,2,0,4,37.0,4,25,13,30
BUG067,2024-03,140,138,5,3,2,2,2,1,0,3,37.4,6,11,5,24
BUG068,2024-03,108,105,3,2,3,1,1,1,0,2,37.7,4,12,7,11
BUG069,2024-03,52,49,1,1,3,0,0,0,0,2,36.8,1,5,3,9
RWA070,2024-03,58,56,3,0,2,1,0,0,0,2,37.1,2,6,4,10
RWA071,2024-03,120,115,5,2,5,2,2,1,0,2,37.2,5,9,5,20
RWA072,2024-03,226,217,5,2,9,2,2,1,0,2,38.2,7,26,15,21
GAT073,2024-03,59,57,2,1,2,0,0,0,0,3,36.7,2,5,2,9
GAT074,2024-03,112,110,4,3,2,2,2,1,0,2,37.2,3,12,6,13
GAT075,2024-03,275,267,4,3,8,2,1,1,0,3,37.2,6,23,8,50
GAT076,2024-03,141,136,5,4,5,3,3,2,0,1,38.2,5,19,4,19
GAT077,2024-03,108,105,6,2,3,2,2,2,1,1,38.4,3,12,5,17
KAY078,2024-03,113,109,5,2,4,2,1,1,0,3,37.8,3,11,4,20
KAY079,2024-03,120,118,8,2,2,2,3,2,1,2,36.7,5,17,7,19
KAY080,2024-03,118,113,7,3,5,3,3,2,1,1,36.9,3,9,7,19
KAY081,2024-03,114,110,5,1,4,1,1,1,0,3,36.5,2,15,7,12
KIR082,2024-03,133,129,7,2,4,2,3,2,0,2,36.5,2,19,8,15
KIR083,2024-03,180,174,11,3,6,4,4,3,1,2,38.3,3,25,10,30
KIR084,2024-03,90,86,4,2,4,1,1,1,0,3,37.3,3,8,3,16
KIR085,2024-03,52,50,3,0,2,0,0,0,0,3,36.9,2,6,2,6
NYA086,2024-03,234,228,4,3,6,1,1,1,0,4,38.4,9,18,8,39
NYA087,2024-03,113,110,5,2,3,1,2,2,0,2,37.3,4,16,7,21
NYA088,2024-03,282,276,7,2,6,2,2,2,0,3,37.6,7,35,18,36
NYA089,2024-03,86,84,4,1,2,1,1,1,0,2,37.5,2,11,4,16
RUB090,2024-03,74,71,3,1,3,1,1,0,0,2,38.2,2,9,5,10
RUB091,2024-03,131,125,6,2,6,2,2,2,1,1,37.9,4,15,8,22
RUB092,2024-03,197,191,9,3,6,4,4,2,1,1,38.2,8,21,11,24
NYA093,2024-03,139,134,8,3,5,3,3,2,0,3,38.1,4,12,7,21
NYA094,2024-03,106,103,5,1,3,1,1,1,0,3,36.9,3,14,6,12
NYA095,2024-03,142,137,5,2,5,2,2,1,0,2,36.8,6,11,5,14
NYA096,2024-03,106,102,4,2,4,1,2,1,0,2,38.4,2,11,8,16
NYA097,2024-03,296,292,8,4,4,3,3,3,0,3,38.4,10,30,13,51
NGO098,2024-03,253,245,7,2,8,3,3,2,0,1,37.9,10,36,19,33
NGO099,2024-03,246,236,5,2,10,1,2,1,0,3,37.3,10,30,11,38
NGO100,2024-03,203,195,5,2,8,2,2,1,0,2,38.1,7,15,12,20
NGO101,2024-03,129,125,8,3,4,3,3,2,0,3,38.0,5,16,9,15
NGO102,2024-03,55,54,2,1,1,0,0,0,0,3,38.1,2,4,3,6
RUS103,2024-03,292,283,8,2,9,3,3,2,1,1,37.6,13,41,18,30
RUS104,2024-03,108,106,7,2,2,2,2,2,0,3,36.6,3,8,4,10
RUS105,2024-03,146,144,6,3,2,2,2,2,1,2,38.1,4,14,10,16
NYA106,2024-03,60,59,2,0,1,0,0,0,0,2,36.9,1,5,2,10
NYA107,2024-03,327,319,5,3,8,2,2,2,0,2,37.2,14,29,19,60
NYA108,2024-03,100,97,5,1,3,2,1,1,0,2,37.4,4,12,7,14
RUT109,2024-03,192,188,6,5,4,3,3,3,1,1,36.7,3,24,12,21
RUT110,2024-03,57,56,3,1,1,1,1,0,0,2,38.0,2,8,3,8
RUT111,2024-03,196,190,8,2,6,3,2,2,0,3,38.0,7,15,11,30
RUT112,2024-03,142,138,7,2,4,2,2,2,1,2,37.3,5,11,10,21
RUT113,2024-03,320,308,6,4,12,3,2,2,1,2,36.7,10,42,23,53
KAR114,2024-03,304,296,6,2,8,2,2,2,0,2,38.4,13,25,20,43
KAR115,2024-03,331,327,5,3,4,2,2,2,1,1,38.0,10,49,25,39
KAR116,2024-03,84,80,3,2,4,1,1,1,0,2,38.2,2,8,2,10
KAR117,2024-03,241,237,8,1,4,2,2,2,0,3,37.3,5,21,14,35
NYA001,2024-04,329,322,5,2,7,2,2,2,0,1,37.7,8,27,12,63
NYA002,2024-04,103,101,5,2,2,2,2,1,0,2,38.2,4,9,4,17
NYA003,2024-04,259,254,6,2,5,2,2,1,0,3,36.5,11,32,8,50
NYA004,2024-04,475,460,3,3,15,2,2,1,0,1,38.5,20,62,15,78
NYA005,2024-04,112,109,5,2,3,2,2,1,0,2,36.9,3,11,4,17
GAS006,2024-04,110,106,5,2,4,2,1,1,0,3,36.6,2,11,6,15
GAS007,2024-04,265,256,3,2,9,1,1,1,0,2,37.3,12,28,9,44
GAS008,2024-04,116,114,6,2,2,2,2,1,0,3,36.6,2,14,6,14
GAS009,2024-04,75,72,2,1,3,0,0,0,0,3,38.3,3,10,3,10
KIC010,2024-04,252,248,8,3,4,3,3,2,1,2,37.9,6,33,10,42
KIC011,2024-04,180,174,7,4,6,3,3,2,0,3,38.0,4,15,6,27
KIC012,2024-04,600,583,6,3,17,3,2,2,0,2,38.0,26,54,40,72
KIC013,2024-04,51,49,1,1,2,0,0,0,0,2,37.4,1,4,1,5
HUY014,2024-04,189,185,7,4,4,3,3,2,1,2,37.7,7,25,14,22
HUY015,2024-04,240,235,4,3,5,2,2,1,0,2,37.1,6,31,17,43
HUY016,2024-04,161,156,5,3,5,2,2,1,1,2,36.6,5,21,8,15
NYA017,2024-04,71,69,4,1,2,1,1,1,0,2,37.4,3,7,4,11
NYA018,2024-04,165,159,5,2,6,2,1,1,1,2,37.3,3,14,12,30
NYA019,2024-04,86,83,4,2,3,1,1,1,0,3,36.7,2,9,4,14
NYA020,2024-04,118,116,5,2,2,1,2,1,0,3,38.4,5,13,8,16
NYA021,2024-04,71,69,3,1,2,1,1,1,0,1,36.6,3,10,5,10
GIS022,2024-04,102,98,3,2,4,1,1,1,0,2,37.0,3,14,6,10
GIS023,2024-04,189,186,6,5,3,3,2,3,1,2,37.7,5,18,13,22
GIS024,2024-04,102,98,3,2,4,1,1,1,0,2,36.6,3,14,6,10
GIS025,2024-04,282,274,8,4,8,3,3,3,1,2,37.3,12,29,19,40
GIS026,2024-04,193,186,7,5,7,3,3,2,1,3,37.8,6,19,5,23
NYA027,2024-04,293,289,5,3,4,2,2,1,0,3,37.9,8,37,9,33
NYA028,2024-04,91,89,6,2,2,2,2,2,0,2,36.6,2,7,6,14
NYA029,2024-04,170,166,9,3,4,3,3,2,0,4,36.8,7,22,5,18
MUH030,2024-04,108,106,4,1,2,1,1,1,0,2,37.4,5,14,3,18
MUH031,2024-04,60,58,3,1,2,1,1,1,0,1,37.7,1,8,2,8
MUH032,2024-04,51,50,3,1,1,1,1,0,0,2,37.8,1,5,3,5
KAM033,2024-04,84,82,5,1,2,1,1,1,0,3,37.3,2,12,4,13
KAM034,2024-04,86,84,3,2,2,1,1,1,0,2,37.2,3,7,6,14
KAM035,2024-04,114,109,4,2,5,1,1,1,0,3,36.9,2,8,8,18
KAM036,2024-04,182,176,10,3,6,3,3,3,1,3,37.5,7,26,7,22
RUH037,2024-04,180,175,7,3,5,3,3,2,1,1,36.9,5,22,12,33
RUH038,2024-04,192,188,10,2,4,3,3,3,0,3,38.1,8,15,11,22
RUH039,2024-04,178,174,8,3,4,2,3,2,0,4,38.1,6,19,7,23
NYA040,2024-04,55,53,2,1,2,0,0,0,0,3,37.5,2,6,2,6
NYA041,2024-04,147,143,6,4,4,2,2,2,1,3,36.8,6,15,5,21
NYA042,2024-04,62,60,3,1,2,1,1,1,0,1,37.1,1,7,3,6
NYA043,2024-04,124,120,7,1,4,2,2,2,1,1,36.8,5,17,9,14
MUS044,2024-04,307,302,9,4,5,3,3,3,1,3,37.3,11,24,14,37
MUS045,2024-04,283,276,6,3,7,2,3,2,0,2,37.7,5,35,8,39
MUS046,2024-04,302,297,9,2,5,3,3,3,1,1,37.5,11,44,20,38
BUR047,2024-04,115,113,5,2,2,1,1,1,0,4,37.8,4,14,8,19
BUR048,2024-04,71,68,3,1,3,1,1,0,0,2,36.9,1,9,5,7
BUR049,2024-04,74,72,4,1,2,1,1,1,0,2,37.3,2,5,5,10
GAK050,2024-04,83,80,4,1,3,1,1,1,0,2,37.0,1,10,6,15
GAK051,2024-04,87,85,3,2,2,1,1,1,0,2,37.9,2,9,6,9
GAK052,2024-04,173,168,8,5,5,4,3,3,1,2,38.0,4,24,12,18
GAK053,2024-04,124,122,4,2,2,1,1,1,0,3,36.7,3,17,8,23
GAK054,2024-04,79,77,3,2,2,1,1,1,0,2,37.2,2,11,3,12
GIC055,2024-04,105,102,3,1,3,1,1,1,0,1,37.3,4,13,3,19
GIC056,2024-04,132,127,7,1,5,2,2,2,1,1,37.3,2,18,8,20
GIC057,2024-04,173,170,7,5,3,4,3,2,1,2,37.9,6,22,11,20
GIC058,2024-04,167,163,9,4,4,3,4,3,0,3,37.3,4,13,10,24
GIC059,2024-04,114,112,7,2,2,2,2,2,0,3,37.5,5,11,6,18
RUL060,2024-04,266,257,4,3,9,2,2,1,0,2,38.2,10,37,13,41
RUL061,2024-04,135,132,5,3,3,2,2,2,0,2,38.1,5,13,7,20
RUL062,2024-04,168,162,10,3,6,3,3,2,0,5,37.7,3,22,4,24
NGO063,2024-04,173,168,7,2,5,2,2,2,0,3,36.8,5,14,9,18
NGO064,2024-04,160,155,8,3,5,3,3,2,1,2,38.4,7,21,10,16
NGO065,2024-04,71,69,2,1,2,0,1,0,0,2,37.1,3,6,3,11
BUG066,2024-04,194,191,10,4,3,4,4,3,1,2,37.8,9,22,15,30
BUG067,2024-04,161,155,8,3,6,3,3,2,1,2,38.1,7,23,8,19
BUG068,2024-04,109,105,3,2,4,1,1,1,0,2,38.0,2,9,4,11
BUG069,2024-04,95,91,5,1,4,2,1,1,0,2,37.3,2,12,3,16
RWA070,2024-04,97,93,5,2,4,1,2,1,0,3,37.0,2,9,3,13
RWA071,2024-04,117,114,6,1,3,2,1,2,0,2,37.0,3,9,8,22
RWA072,2024-04,306,299,6,3,7,2,2,2,0,3,37.2,11,40,10,59
GAT073,2024-04,62,61,2,1,1,0,0,0,0,3,37.5,1,6,4,9
GAT074,2024-04,119,116,7,1,3,2,2,2,0,2,37.0,3,11,8,20
GAT075,2024-04,311,298,9,3,13,3,3,2,1,3,37.2,7,27,15,31
GAT076,2024-04,180,177,8,5,3,3,4,3,1,2,37.7,8,17,9,31
GAT077,2024-04,197,192,9,4,5,3,4,2,1,3,36.5,6,26,6,29
KAY078,2024-04,54,53,3,0,1,0,0,0,0,3,37.9,2,7,3,9
KAY079,2024-04,59,57,3,0,2,0,0,0,0,3,37.6,1,5,2,9
KAY080,2024-04,69,67,2,1,2,0,0,0,0,3,38.1,1,9,2,11
KAY081,2024-04,102,98,4,2,4,1,1,1,0,3,36.9,3,8,3,16
KIR082,2024-04,166,160,5,3,6,2,2,1,0,3,36.5,7,18,6,16
KIR083,2024-04,143,140,5,2,3,2,2,2,0,1,36.6,3,16,7,14
KIR084,2024-04,84,82,3,1,2,1,1,1,0,1,36.9,3,11,2,10
KIR085,2024-04,93,91,3,2,2,1,1,1,0,2,38.3,3,12,5,11
NYA086,2024-04,271,268,5,3,3,2,2,2,0,2,37.8,8,39,18,43
NYA087,2024-04,60,58,3,1,2,1,1,1,0,1,37.9,1,5,3,5
NYA088,2024-04,240,235,3,1,5,1,1,1,0,1,36.7,5,32,13,36
NYA089,2024-04,102,99,6,2,3,2,2,1,1,2,37.5,4,13,3,10
RUB090,2024-04,50,48,2,1,2,1,0,0,0,2,37.3,1,7,2,5
RUB091,2024-04,142,137,6,3,5,2,2,2,0,3,37.4,2,17,9,21
RUB092,2024-04,180,173,11,3,7,4,3,3,2,2,37.2,8,18,9,31
NYA093,2024-04,178,171,8,3,7,3,3,2,0,3,37.0,3,20,5,17
NYA094,2024-04,89,86,4,2,3,1,1,1,0,3,37.9,2,12,5,13
NYA095,2024-04,109,107,5,2,2,2,1,1,0,3,37.7,2,9,6,14
NYA096,2024-04,115,113,7,2,2,2,2,1,1,3,36.8,3,15,8,19
NYA097,2024-04,252,247,6,3,5,2,2,1,1,3,38.3,7,24,14,28
NGO098,2024-04,218,211,5,1,7,1,1,1,0,3,37.8,10,21,6,26
NGO099,2024-04,294,284,8,3,10,3,3,3,0,2,36.7,10,33,17,54
NGO100,2024-04,259,254,7,2,5,3,2,2,0,2,37.7,10,36,14,45
NGO101,2024-04,170,163,7,2,7,3,2,2,0,2,37.7,6,14,5,22
NGO102,2024-04,50,48,2,1,2,0,0,0,0,3,37.6,1,5,1,6
RUS103,2024-04,280,273,7,3,7,2,2,2,1,3,36.6,7,30,10,31
RUS104,2024-04,120,118,4,3,2,2,1,1,0,3,37.5,3,10,4,22
RUS105,2024-04,139,135,8,2,4,2,2,2,0,4,37.4,6,18,5,21
NYA106,2024-04,69,67,3,1,2,1,1,0,0,2,38.5,1,6,4,8
NYA107,2024-04,266,259,5,2,7,1,2,1,0,3,37.2,6,32,11,51
NYA108,2024-04,55,53,2,0,2,0,0,0,0,2,37.2,2,6,2,5
RUT109,2024-04,169,166,7,4,3,3,2,2,1,3,36.5,8,18,8,27
RUT110,2024-04,76,74,4,1,2,1,1,1,0,2,37.5,2,7,5,14
RUT111,2024-04,182,178,8,2,4,2,3,2,0,3,37.5,5,23,9,28
RUT112,2024-04,119,116,4,3,3,2,2,2,0,1,37.6,4,12,7,14
RUT113,2024-04,314,303,6,2,11,2,2,1,0,3,38.1,6,26,15,57
KAR114,2024-04,338,326,11,3,12,4,3,3,1,3,38.2,11,43,14,60
KAR115,2024-04,232,225,7,1,7,2,2,2,1,1,38.0,7,28,12,42
KAR116,2024-04,69,67,2,1,2,0,0,0,0,3,38.3,1,6,3,11
KAR117,2024-04,313,302,6,2,11,2,2,1,1,2,38.3,15,34,17,32
NYA001,2024-05,286,280,4,3,6,2,2,1,0,2,38.4,7,35,12,52
NYA002,2024-05,96,92,5,1,4,1,1,1,0,3,37.0,3,10,5,10
NYA003,2024-05,272,264,3,2,8,1,1,1,0,2,38.4,5,30,12,29
NYA004,2024-05,598,578,6,3,20,2,2,1,1,3,37.0,19,47,38,112
NYA005,2024-05,77,75,3,1,2,1,1,0,0,2,38.2,2,9,4,12
GAS006,2024-05,179,175,9,4,4,4,3,3,1,2,37.3,3,19,9,20
GAS007,2024-05,280,276,6,3,4,2,2,2,0,3,37.3,10,35,9,48
GAS008,2024-05,98,96,5,2,2,1,2,1,0,3,37.8,3,10,7,19
GAS009,2024-05,59,57,2,1,2,0,0,0,0,3,36.5,2,4,4,5
KIC010,2024-05,307,300,9,3,7,3,3,3,1,2,37.2,13,41,22,55
KIC011,2024-05,113,110,4,2,3,1,1,1,0,3,37.0,2,10,3,12
KIC012,2024-05,560,550,6,2,10,2,2,2,1,1,38.5,23,78,42,86
KIC013,2024-05,106,104,4,2,2,1,1,1,0,3,37.7,5,12,5,11
HUY014,2024-05,103,99,6,2,4,2,2,2,0,2,38.1,3,8,3,11
HUY015,2024-05,324,317,6,2,7,2,2,1,0,3,36.7,11,36,10,49
HUY016,2024-05,111,106,7,1,5,2,2,2,0,2,37.5,5,12,7,16
NYA017,2024-05,69,67,3,1,2,1,1,1,0,1,37.9,1,8,4,7
NYA018,2024-05,156,151,10,4,5,4,4,3,1,2,36.5,3,14,7,25
NYA019,2024-05,64,62,3,1,2,1,1,0,0,2,37.2,1,5,2,8
NYA020,2024-05,175,173,7,4,2,2,3,2,0,4,38.0,7,25,9,18
NYA021,2024-05,91,89,5,2,2,2,2,1,0,2,36.5,1,9,6,13
GIS022,2024-05,99,96,5,2,3,2,2,1,0,2,38.0,1,8,6,13
GIS023,2024-05,112,109,5,2,3,1,1,1,0,4,36.6,5,14,4,18
GIS024,2024-05,57,56,2,1,1,0,0,0,0,3,36.6,1,6,4,8
GIS025,2024-05,306,302,6,2,4,2,2,2,0,2,37.0,10,31,9,56
GIS026,2024-05,186,180,10,4,6,3,4,2,1,4,37.4,6,18,12,34
NYA027,2024-05,254,245,4,3,9,2,1,1,0,3,36.7,7,26,18,28
NYA028,2024-05,90,87,4,1,3,1,1,1,0,2,38.2,3,7,4,15
NYA029,2024-05,179,176,7,4,3,3,3,2,1,2,36.7,7,20,12,31
MUH030,2024-05,191,186,11,4,5,4,5,4,0,2,38.4,6,22,6,19
MUH031,2024-05,109,106,4,2,3,2,1,1,0,2,37.8,2,12,3,16
MUH032,2024-05,114,112,4,2,2,1,1,1,0,3,36.7,2,9,3,21
KAM033,2024-05,98,94,3,1,4,1,1,1,0,1,37.8,4,10,4,13
KAM034,2024-05,107,103,4,1,4,1,1,1,0,2,36.8,3,12,5,11
KAM035,2024-05,121,117,8,2,4,3,3,2,1,1,36.9,5,17,3,12
KAM036,2024-05,120,116,5,2,4,2,1,2,0,2,38.2,4,9,3,19
RUH037,2024-05,191,187,6,3,4,2,2,2,0,3,36.6,4,18,8,21
RUH038,2024-05,153,147,8,3,6,3,3,2,1,2,36.8,5,20,8,18
RUH039,2024-05,180,178,12,3,2,4,3,3,1,4,36.8,5,26,13,34
NYA040,2024-05,104,101,5,2,3,2,1,1,0,3,37.8,2,10,3,13
NYA041,2024-05,169,163,5,3,6,2,2,1,0,3,37.3,4,19,10,20
NYA042,2024-05,58,56,2,1,2,0,1,0,0,2,37.0,1,6,4,7
NYA043,2024-05,100,96,4,2,4,1,1,1,0,3,36.9,3,12,5,10
MUS044,2024-05,200,193,6,1,7,2,1,1,0,3,37.2,9,28,10,28
MUS045,2024-05,335,330,10,2,5,3,3,3,1,2,38.4,14,37,17,43
MUS046,2024-05,200,194,6,2,6,2,2,1,0,3,37.8,5,21,13,25
BUR047,2024-05,102,99,3,2,3,1,1,1,0,2,37.0,2,13,3,19
BUR048,2024-05,115,111,4,2,4,1,1,1,0,3,36.7,5,15,8,12
BUR049,2024-05,117,112,6,2,5,2,2,1,0,3,37.1,4,12,5,18
GAK050,2024-05,70,68,2,1,2,0,0,0,0,3,37.5,1,8,3,6
GAK051,2024-05,57,54,2,1,3,0,0,0,0,3,37.5,1,6,2,10
GAK052,2024-05,154,150,10,3,4,4,3,3,0,3,37.3,6,15,7,25
GAK053,2024-05,101,99,3,2,2,1,1,1,0,2,37.5,2,10,5,12
GAK054,2024-05,70,68,4,1,2,1,1,1,0,2,38.1,2,5,2,11
GIC055,2024-05,123,120,6,3,3,3,2,2,0,2,36.6,5,10,8,17
GIC056,2024-05,140,135,8,3,5,3,3,2,0,3,37.0,3,13,4,16
GIC057,2024-05,176,171,7,4,5,2,3,3,1,2,36.7,7,21,8,24
GIC058,2024-05,160,156,7,3,4,2,2,2,0,4,37.1,4,20,7,21
GIC059,2024-05,90,88,5,1,2,1,1,1,0,3,37.1,2,12,3,16
RUL060,2024-05,341,329,6,2,12,2,2,2,0,2,36.7,10,27,16,41
RUL061,2024-05,138,133,7,2,5,2,2,2,1,2,37.5,5,13,7,16
RUL062,2024-05,176,173,6,3,3,2,2,2,1,2,38.1,7,23,8,25
NGO063,2024-05,153,147,8,3,6,3,2,3,0,3,37.8,6,20,9,23
NGO064,2024-05,110,106,5,2,4,2,2,1,0,2,37.4,3,10,6,14
NGO065,2024-05,89,86,4,2,3,1,1,1,0,3,38.4,3,7,5,16
BUG066,2024-05,159,153,8,4,6,3,3,2,1,3,37.6,4,15,4,24
BUG067,2024-05,180,177,12,3,3,4,3,3,1,4,36.6,6,15,13,20
BUG068,2024-05,66,63,3,1,3,1,1,1,0,1,37.3,2,5,3,12
BUG069,2024-05,86,84,4,2,2,1,1,1,0,3,38.3,2,9,4,8
RWA070,2024-05,61,59,2,1,2,0,1,0,0,2,37.3,2,6,4,9
RWA071,2024-05,98,95,4,2,3,1,2,1,0,2,36.7,2,8,4,9
RWA072,2024-05,239,230,5,2,9,2,2,2,0,1,37.4,11,25,16,39
GAT073,2024-05,70,67,3,1,3,1,1,0,0,2,38.3,2,6,2,10
GAT074,2024-05,97,95,4,2,2,1,1,1,0,3,37.6,2,7,3,18
GAT075,2024-05,226,219,4,2,7,2,1,1,0,2,37.9,10,26,6,37
GAT076,2024-05,171,167,10,3,4,3,3,3,1,3,36.8,6,19,5,28
GAT077,2024-05,113,110,4,2,3,2,1,1,0,2,36.9,2,9,7,11
KAY078,2024-05,110,108,4,1,2,1,1,1,0,2,37.5,4,15,7,18
KAY079,2024-05,111,107,4,2,4,1,1,1,0,3,36.6,2,15,4,16
KAY080,2024-05,115,111,5,3,4,2,2,1,0,3,36.6,2,11,3,20
KAY081,2024-05,120,116,5,2,4,1,2,1,0,3,37.0,3,14,5,14
KIR082,2024-05,135,130,5,3,5,2,2,2,0,2,38.3,2,16,6,21
KIR083,2024-05,141,135,8,3,6,2,3,3,1,2,37.9,6,10,10,23
KIR084,2024-05,88,85,5,1,3,1,1,1,0,3,37.6,2,7,6,10
KIR085,2024-05,91,88,3,1,3,1,1,1,0,1,38.4,2,8,5,14
NYA086,2024-05,225,217,4,1,8,1,1,1,0,2,38.4,10,21,8,39
NYA087,2024-05,107,104,6,2,3,2,2,2,0,2,38.4,2,10,7,16
NYA088,2024-05,256,250,5,2,6,1,2,1,0,3,37.2,9,26,13,46
NYA089,2024-05,98,96,5,1,2,1,1,1,0,3,37.5,2,9,4,18
RUB090,2024-05,110,107,4,3,3,2,1,1,0,3,37.3,4,15,5,19
RUB091,2024-05,106,103,5,1,3,1,1,1,0,3,38.0,3,9,3,12
RUB092,2024-05,191,184,6,3,7,2,2,2,0,3,37.8,4,25,12,20
NYA093,2024-05,121,119,5,2,2,1,1,2,0,3,38.4,5,12,5,22
NYA094,2024-05,67,66,2,1,1,0,0,0,0,3,37.7,1,7,2,11
NYA095,2024-05,112,108,4,3,4,2,2,1,0,2,38.3,2,15,5,12
NYA096,2024-05,83,81,4,1,2,1,1,1,0,2,38.3,3,6,4,12
NYA097,2024-05,265,258,8,3,7,3,3,2,1,2,37.0,9,22,15,48
NGO098,2024-05,340,331,10,4,9,4,4,3,1,2,37.2,10,41,21,37
NGO099,2024-05,269,262,9,2,7,3,3,2,0,3,36.8,10,21,20,27
NGO100,2024-05,275,271,8,2,4,3,2,2,1,2,36.9,12,29,18,31
NGO101,2024-05,145,142,8,3,3,3,2,2,1,3,36.6,4,11,4,19
NGO102,2024-05,89,85,4,1,4,1,1,1,0,2,37.8,2,12,2,16
RUS103,2024-05,317,313,10,2,4,3,3,2,1,3,38.1,12,38,10,49
RUS104,2024-05,115,113,4,1,2,1,1,1,0,2,36.5,2,15,5,19
RUS105,2024-05,140,134,8,2,6,2,3,2,1,2,37.7,3,13,8,23
NYA106,2024-05,95,94,5,1,1,1,1,1,0,3,37.8,4,10,5,11
NYA107,2024-05,341,330,7,2,11,2,2,1,0,4,37.5,15,48,15,65
NYA108,2024-05,111,107,4,2,4,1,2,1,0,2,37.8,2,15,6,12
RUT109,2024-05,130,125,7,2,5,2,2,2,1,2,37.1,5,14,4,15
RUT110,2024-05,83,79,4,1,4,1,1,1,0,2,38.2,2,6,6,10
RUT111,2024-05,170,163,8,4,7,3,3,2,1,3,38.2,6,17,10,20
RUT112,2024-05,171,166,11,4,5,4,4,3,0,4,37.2,5,15,7,21
RUT113,2024-05,317,304,10,4,13,4,4,3,1,2,37.9,10,39,13,54
KAR114,2024-05,241,238,8,3,3,3,2,3,1,2,38.3,6,23,7,47
KAR115,2024-05,271,267,5,2,4,2,2,2,0,1,37.8,10,34,9,41
KAR116,2024-05,88,85,4,1,3,1,1,1,0,2,38.5,4,10,4,14
KAR117,2024-05,330,322,9,4,8,3,4,3,1,2,38.3,14,44,19,59
NYA001,2024-06,205,202,4,1,3,1,1,1,0,2,38.0,6,18,12,38
NYA002,2024-06,85,83,4,2,2,2,1,1,0,2,36.9,1,6,5,8
NYA003,2024-06,318,309,4,3,9,2,1,1,0,3,37.3,6,41,10,55
NYA004,2024-06,440,430,4,2,10,1,1,1,0,3,36.8,13,44,17,54
NYA005,2024-06,51,49,2,1,2,1,1,0,0,1,38.4,1,5,2,7
GAS006,2024-06,182,175,7,5,7,3,3,2,1,3,37.1,8,14,7,28
GAS007,2024-06,205,199,6,1,6,2,2,1,0,2,38.4,4,17,6,31
GAS008,2024-06,51,50,3,0,1,0,0,0,0,3,38.5,2,4,1,9
GAS009,2024-06,99,97,4,1,2,1,1,1,0,2,37.7,2,13,3,14
KIC010,2024-06,340,336,9,4,4,4,3,3,1,2,38.4,7,40,15,60
KIC011,2024-06,157,152,8,3,5,3,3,3,1,1,38.1,5,22,10,29
KIC012,2024-06,584,577,5,3,7,2,2,1,0,3,37.2,13,58,25,88
KIC013,2024-06,78,76,4,1,2,1,1,1,0,2,38.4,2,7,2,12
HUY014,2024-06,159,153,10,2,6,3,3,2,1,3,37.1,3,19,7,19
HUY015,2024-06,218,213,5,3,5,2,2,1,0,3,37.3,10,20,16,23
HUY016,2024-06,193,189,13,2,4,4,3,3,1,4,36.7,9,21,8,28
NYA017,2024-06,73,72,3,1,1,1,1,0,0,2,37.5,1,6,4,12
NYA018,2024-06,158,153,10,4,5,4,4,4,1,1,38.5,3,20,6,25
NYA019,2024-06,86,84,3,2,2,1,1,1,0,2,36.8,2,10,3,14
NYA020,2024-06,151,147,5,2,4,2,1,1,0,3,38.2,5,14,8,20
NYA021,2024-06,105,103,5,2,2,2,2,1,0,2,38.2,4,8,7,15
GIS022,2024-06,77,74,3,2,3,1,1,1,0,2,37.3,2,11,3,7
GIS023,2024-06,100,98,6,2,2,2,2,2,0,2,36.6,3,11,7,17
GIS024,2024-06,50,48,3,0,2,1,1,0,0,1,38.2,1,4,3,5
GIS025,2024-06,213,209,3,2,4,1,1,1,0,2,36.7,4,20,12,26
GIS026,2024-06,170,165,9,3,5,3,3,3,1,2,36.9,5,23,12,31
NYA027,2024-06,305,294,7,4,11,2,3,2,1,3,37.0,14,32,15,31
NYA028,2024-06,120,117,8,2,3,3,3,2,0,2,37.1,3,14,8,12
NYA029,2024-06,167,163,9,4,4,3,4,3,1,2,36.6,4,23,12,19
MUH030,2024-06,200,192,8,3,8,3,3,2,1,2,37.3,6,15,13,34
MUH031,2024-06,94,91,5,1,3,1,1,1,0,3,38.2,3,9,5,16
MUH032,2024-06,50,48,1,1,2,0,0,0,0,2,38.4,1,6,1,8
KAM033,2024-06,78,77,3,2,1,1,1,1,0,2,37.5,3,7,3,13
KAM034,2024-06,110,105,6,2,5,2,2,1,0,3,37.3,5,11,5,11
KAM035,2024-06,190,184,11,2,6,3,4,3,1,2,36.8,4,23,8,23
KAM036,2024-06,176,171,9,2,5,3,3,2,0,3,38.1,4,15,9,26
RUH037,2024-06,136,131,7,3,5,3,2,2,1,2,37.8,5,17,7,14
RUH038,2024-06,194,190,11,2,4,3,4,3,0,3,37.3,5,21,12,21
RUH039,2024-06,178,173,10,4,5,4,3,3,1,3,38.1,5,21,10,31
NYA040,2024-06,119,116,5,2,3,2,1,1,1,2,36.8,4,12,6,15
NYA041,2024-06,129,124,7,2,5,3,2,2,0,2,37.5,4,11,4,15
NYA042,2024-06,118,114,4,1,4,1,1,1,0,2,38.4,5,12,6,20
NYA043,2024-06,195,192,10,4,3,4,4,3,0,3,37.1,5,25,15,32
MUS044,2024-06,314,305,5,3,9,2,2,2,0,2,38.3,13,44,21,46
MUS045,2024-06,238,235,3,1,3,1,1,1,0,1,37.6,7,25,12,28
MUS046,2024-06,305,293,10,3,12,4,3,3,1,2,37.3,13,33,21,53
BUR047,2024-06,179,172,6,2,7,2,2,2,0,2,37.7,4,18,5,33
BUR048,2024-06,118,116,6,2,2,2,2,2,0,2,36.8,2,13,7,22
BUR049,2024-06,116,114,6,2,2,2,2,1,1,2,37.4,5,15,8,19
GAK050,2024-06,70,67,4,1,3,1,1,1,0,2,37.0,3,8,4,10
GAK051,2024-06,96,92,4,1,4,1,1,1,0,2,37.7,4,12,6,12
GAK052,2024-06,161,158,10,3,3,3,3,2,1,4,37.0,6,21,9,22
GAK053,2024-06,107,104,7,2,3,3,2,2,0,2,37.2,3,15,6,15
GAK054,2024-06,82,79,5,1,3,1,1,1,0,3,37.5,3,9,5,14
GIC055,2024-06,192,188,11,3,4,4,3,4,2,1,38.0,4,23,14,32
GIC056,2024-06,123,120,4,2,3,1,1,1,0,3,38.0,3,10,9,13
GIC057,2024-06,191,184,12,4,7,4,4,4,0,4,37.9,5,26,10,33
GIC058,2024-06,101,99,5,1,2,1,1,1,0,3,36.8,3,13,5,18
GIC059,2024-06,112,109,7,1,3,2,2,2,1,1,37.9,4,9,5,16
RUL060,2024-06,236,232,6,1,4,2,1,2,0,2,36.9,4,29,16,27
RUL061,2024-06,118,114,7,1,4,2,2,2,0,2,37.6,3,13,4,16
RUL062,2024-06,169,166,9,4,3,4,4,3,0,2,37.1,4,21,10,19
NGO063,2024-06,115,112,6,2,3,2,2,1,0,3,37.4,2,14,8,15
NGO064,2024-06,155,151,5,4,4,3,2,2,1,1,38.2,7,16,9,18
NGO065,2024-06,75,72,4,1,3,1,1,1,0,2,38.3,2,7,3,9
BUG066,2024-06,140,137,5,2,3,2,2,1,0,2,38.1,4,11,9,17
BUG067,2024-06,181,177,9,4,4,4,3,2,1,3,38.3,5,20,11,28
BUG068,2024-06,102,98,5,1,4,1,1,1,0,3,37.3,2,8,7,10
BUG069,2024-06,94,92,4,1,2,1,1,1,0,2,36.9,3,12,5,16
RWA070,2024-06,54,52,2,0,2,0,0,0,0,2,37.6,2,7,3,9
RWA071,2024-06,87,84,3,2,3,1,1,1,0,2,37.8,3,9,6,10
RWA072,2024-06,232,222,6,1,10,2,2,2,0,1,38.2,6,29,12,31
GAT073,2024-06,113,109,5,2,4,1,2,1,0,3,37.8,4,12,5,18
GAT074,2024-06,90,86,6,2,4,2,2,2,0,2,38.3,3,8,4,12
GAT075,2024-06,314,309,5,3,5,2,2,2,1,1,36.6,7,43,21,61
GAT076,2024-06,191,184,10,5,7,3,4,3,1,4,38.1,5,18,8,21
GAT077,2024-06,183,176,11,2,7,4,3,3,1,2,36.8,3,22,9,24
KAY078,2024-06,88,85,5,1,3,2,1,1,0,2,37.6,2,7,2,12
KAY079,2024-06,107,104,4,2,3,1,1,1,0,3,36.8,3,11,3,19
KAY080,2024-06,80,78,2,1,2,1,1,0,0,1,37.2,1,6,2,11
KAY081,2024-06,139,134,8,3,5,3,3,2,1,2,37.5,6,19,6,14
KIR082,2024-06,101,98,4,1,3,1,1,1,0,2,36.9,2,14,7,17
KIR083,2024-06,114,110,4,2,4,1,1,1,0,3,38.3,2,14,7,16
KIR084,2024-06,66,63,4,1,3,1,1,1,0,2,37.9,2,8,4,10
KIR085,2024-06,114,112,5,1,2,1,1,1,0,3,37.4,3,10,8,17
NYA086,2024-06,251,243,5,2,8,1,2,2,0,2,37.4,10,35,18,27
NYA087,2024-06,79,76,3,1,3,1,1,1,0,1,38.5,2,9,5,11
NYA088,2024-06,229,222,4,1,7,1,1,1,0,2,36.8,8,27,7,31
NYA089,2024-06,50,49,2,1,1,0,0,0,0,3,38.3,1,6,3,5
RUB090,2024-06,102,98,4,1,4,1,1,1,0,2,37.3,3,11,6,12
RUB091,2024-06,189,181,6,4,8,2,3,2,0,3,36.7,8,21,8,19
RUB092,2024-06,195,187,11,3,8,3,4,3,1,3,38.3,6,23,11,20
NYA093,2024-06,167,160,6,3,7,2,2,2,0,3,38.1,6,17,10,16
NYA094,2024-06,87,85,3,1,2,1,1,0,0,2,38.3,2,7,3,13
NYA095,2024-06,106,102,5,2,4,2,2,1,0,2,36.8,4,10,4,19
NYA096,2024-06,63,60,3,1,3,1,1,1,0,1,37.1,1,6,4,11
NYA097,2024-06,339,331,7,4,8,3,3,2,0,3,37.3,9,36,23,55
NGO098,2024-06,239,229,4,2,10,1,1,1,0,3,36.7,7,32,11,38
NGO099,2024-06,218,212,4,2,6,1,2,1,0,2,37.2,7,17,11,30
NGO100,2024-06,250,241,7,3,9,3,2,2,0,3,36.8,5,20,9,34
NGO101,2024-06,110,108,3,1,2,1,1,0,0,2,38.1,4,13,6,15
NGO102,2024-06,107,105,6,1,2,1,2,1,1,2,36.6,3,13,4,13
RUS103,2024-06,291,286,7,3,5,2,2,2,1,3,37.6,8,31,8,34
RUS104,2024-06,170,165,7,4,5,2,2,2,0,5,37.6,3,21,5,23
RUS105,2024-06,130,125,6,3,5,2,2,1,1,3,37.7,6,12,3,19
NYA106,2024-06,58,57,3,1,1,1,1,1,0,1,38.3,1,5,1,7
NYA107,2024-06,305,297,6,3,8,2,2,2,0,3,38.3,13,37,9,54
NYA108,2024-06,77,75,5,2,2,1,2,1,0,3,36.8,2,9,5,13
RUT109,2024-06,154,149,9,2,5,3,2,2,1,3,38.4,4,16,9,21
RUT110,2024-06,72,69,3,1,3,1,1,1,0,1,37.3,2,7,3,10
RUT111,2024-06,190,185,11,3,5,3,3,4,0,4,37.2,5,16,8,29
RUT112,2024-06,104,99,6,1,5,1,1,1,0,4,36.8,4,11,3,19
RUT113,2024-06,328,322,6,3,6,2,2,2,0,3,37.2,11,27,23,50
KAR114,2024-06,270,266,5,3,4,2,2,2,1,1,38.0,11,31,8,27
KAR115,2024-06,211,205,5,2,6,2,1,1,0,3,36.7,6,19,7,27
KAR116,2024-06,69,66,2,1,3,0,0,0,0,3,38.2,2,8,3,11
KAR117,2024-06,263,256,4,2,7,1,1,1,0,3,37.7,7,20,20,34
NYA001,2024-07,207,200,6,2,7,2,2,1,0,3,38.2,8,24,15,35
NYA002,2024-07,64,62,3,1,2,1,1,1,0,1,37.7,2,8,1,7
NYA003,2024-07,240,235,3,3,5,1,1,1,0,3,36.7,8,31,15,39
NYA004,2024-07,405,400,5,1,5,1,1,1,0,3,37.0,14,52,22,41
NYA005,2024-07,55,53,3,1,2,1,1,1,0,1,38.3,2,7,2,7
GAS006,2024-07,126,122,6,2,4,2,2,1,0,3,36.7,4,11,5,13
GAS007,2024-07,335,324,9,2,11,3,3,2,1,2,38.2,9,27,21,48
GAS008,2024-07,120,116,4,2,4,2,1,1,0,2,37.4,4,13,4,19
GAS009,2024-07,59,57,2,1,2,0,1,0,0,2,37.0,1,5,3,6
KIC010,2024-07,201,196,3,2,5,1,1,1,0,2,37.6,7,19,7,24
KIC011,2024-07,120,116,7,3,4,3,3,2,1,1,38.4,4,9,7,14
KIC012,2024-07,404,393,5,1,11,1,1,1,0,3,36.5,18,32,23,56
KIC013,2024-07,59,57,2,1,2,0,0,0,0,3,36.8,1,4,2,6
HUY014,2024-07,190,184,10,5,6,5,4,3,2,1,37.3,8,24,7,30
HUY015,2024-07,343,331,8,2,12,2,3,2,0,3,37.3,7,29,26,62
HUY016,2024-07,179,174,9,4,5,3,4,3,0,3,38.3,8,24,5,24
NYA017,2024-07,86,84,4,1,2,1,1,1,0,2,37.8,1,12,4,11
NYA018,2024-07,119,114,4,2,5,1,1,1,0,3,36.9,4,9,8,19
NYA019,2024-07,73,70,4,1,3,1,1,1,0,2,36.7,2,9,4,7
NYA020,2024-07,124,119,8,3,5,3,2,3,0,3,37.3,3,16,8,17
NYA021,2024-07,87,83,5,1,4,1,2,1,0,2,37.5,4,8,2,13
GIS022,2024-07,96,92,5,2,4,2,2,2,1,0,37.2,2,8,6,16
GIS023,2024-07,195,191,10,5,4,4,4,4,1,2,38.2,9,23,7,34
GIS024,2024-07,52,50,3,1,2,1,1,1,0,1,37.3,1,4,1,8
GIS025,2024-07,324,319,5,4,5,2,2,2,0,3,37.4,13,45,16,58
GIS026,2024-07,198,190,12,4,8,5,4,3,1,3,37.9,6,28,9,26
NYA027,2024-07,256,250,6,2,6,2,2,2,1,1,37.9,11,37,18,28
NYA028,2024-07,99,96,6,2,3,2,2,2,0,2,38.0,3,12,6,10
NYA029,2024-07,156,149,6,4,7,3,3,2,0,2,37.5,5,15,4,25
MUH030,2024-07,114,111,6,2,3,2,2,2,1,1,37.8,4,8,3,21
MUH031,2024-07,87,85,4,1,2,1,1,1,0,2,36.9,2,12,4,8
MUH032,2024-07,97,94,6,2,3,2,2,2,0,2,36.6,3,9,4,15
KAM033,2024-07,82,80,4,1,2,1,1,1,0,2,37.4,1,7,5,9
KAM034,2024-07,63,60,3,1,3,1,1,1,0,1,36.9,2,6,4,7
KAM035,2024-07,162,157,8,2,5,3,2,2,0,3,36.9,6,21,8,31
KAM036,2024-07,160,154,9,2,6,3,3,2,1,2,37.0,3,12,4,20
RUH037,2024-07,162,158,6,3,4,2,2,2,1,2,37.8,6,14,7,24
RUH038,2024-07,194,187,11,5,7,4,4,3,2,3,38.3,8,26,13,30
RUH039,2024-07,112,108,5,2,4,2,1,1,0,3,36.9,4,12,7,20
NYA040,2024-07,101,97,5,2,4,2,2,1,0,2,37.9,4,14,7,14
NYA041,2024-07,184,179,9,2,5,2,3,3,0,3,37.6,7,26,8,26
NYA042,2024-07,110,106,7,2,4,2,2,2,1,2,37.5,4,15,3,14
NYA043,2024-07,154,152,6,3,2,2,2,2,0,3,37.6,7,16,9,18
MUS044,2024-07,245,242,4,1,3,1,1,1,0,2,38.0,11,26,7,27
MUS045,2024-07,282,270,4,3,12,2,2,1,0,2,38.4,5,39,10,37
MUS046,2024-07,243,236,4,3,7,1,2,1,0,3,38.0,11,30,9,23
BUR047,2024-07,175,171,11,3,4,4,4,3,1,2,38.0,6,16,12,31
BUR048,2024-07,104,102,4,2,2,1,2,1,0,2,37.9,2,12,4,17
BUR049,2024-07,73,71,2,1,2,0,0,0,0,3,37.9,1,10,4,8
GAK050,2024-07,98,96,5,2,2,2,2,1,0,2,37.4,4,10,3,9
GAK051,2024-07,83,81,3,2,2,1,1,1,0,2,37.5,2,10,4,15
GAK052,2024-07,178,171,8,3,7,2,2,3,0,4,38.2,6,15,12,32
GAK053,2024-07,109,106,6,1,3,2,2,1,0,2,38.2,3,14,3,20
GAK054,2024-07,69,67,4,1,2,1,1,1,0,2,37.6,1,6,2,12
GIC055,2024-07,139,136,8,3,3,3,3,2,0,3,38.0,5,14,10,15
GIC056,2024-07,143,137,5,2,6,2,2,1,0,2,37.4,3,14,4,27
GIC057,2024-07,175,171,11,4,4,4,4,4,1,2,37.7,3,18,6,20
GIC058,2024-07,186,182,12,4,4,4,4,4,2,2,38.3,4,15,5,28
GIC059,2024-07,65,62,2,1,3,0,0,0,0,3,37.8,2,7,4,9
RUL060,2024-07,214,208,4,1,6,1,1,1,0,2,37.3,7,27,11,37
RUL061,2024-07,139,135,6,3,4,2,2,2,0,3,38.0,6,15,4,21
RUL062,2024-07,134,130,6,2,4,2,2,2,0,2,38.4,4,16,8,24
NGO063,2024-07,162,158,10,2,4,3,3,3,1,2,38.3,4,13,6,21
NGO064,2024-07,185,177,10,2,8,3,4,2,0,3,38.1,8,22,8,24
NGO065,2024-07,84,80,5,2,4,1,2,1,0,3,38.1,3,7,5,11
BUG066,2024-07,152,146,5,3,6,2,2,1,0,3,37.4,6,13,9,27
BUG067,2024-07,165,163,9,4,2,3,4,3,1,2,38.4,7,23,7,25
BUG068,2024-07,58,56,3,0,2,0,0,0,0,3,37.0,2,4,2,7
BUG069,2024-07,60,59,3,1,1,1,1,0,0,2,36.6,2,5,1,11
RWA070,2024-07,83,80,3,2,3,1,1,1,0,2,38.5,2,7,4,8
RWA071,2024-07,88,87,3,1,1,1,1,0,0,2,37.1,3,8,5,16
RWA072,2024-07,336,323,8,3,13,2,2,3,0,4,38.2,14,28,25,43
GAT073,2024-07,84,82,5,2,2,2,1,1,0,3,37.0,3,11,5,10
GAT074,2024-07,57,56,2,1,1,1,0,0,0,2,36.7,2,5,4,10
GAT075,2024-07,259,251,4,2,8,2,1,1,0,2,38.1,9,37,15,34
GAT076,2024-07,105,102,5,1,3,1,2,1,0,2,37.9,5,11,5,12
GAT077,2024-07,100,98,4,2,2,1,2,1,0,2,37.2,3,11,3,16
KAY078,2024-07,76,72,4,2,4,1,1,1,0,3,36.7,3,10,2,12
KAY079,2024-07,112,109,7,2,3,2,2,2,0,3,38.0,3,15,5,17
KAY080,2024-07,97,94,4,1,3,1,1,1,0,2,38.2,2,8,7,10
KAY081,2024-07,135,131,6,3,4,2,2,2,0,3,36.8,2,15,7,24
KIR082,2024-07,128,125,7,2,3,2,2,1,0,4,37.2,3,14,5,15
KIR083,2024-07,151,147,8,2,4,2,2,2,0,4,37.6,7,20,9,23
KIR084,2024-07,87,83,3,2,4,1,1,1,0,2,37.8,3,11,4,11
KIR085,2024-07,70,67,4,1,3,1,1,1,0,2,37.6,2,8,4,9
NYA086,2024-07,323,310,8,4,13,3,3,2,0,4,37.4,9,39,15,52
NYA087,2024-07,117,112,6,2,5,2,2,1,1,2,37.3,4,14,8,21
NYA088,2024-07,322,310,10,3,12,4,4,3,1,1,36.9,10,35,18,47
NYA089,2024-07,113,108,4,1,5,1,1,1,0,2,36.7,4,13,4,21
RUB090,2024-07,56,54,3,1,2,1,1,0,0,2,36.7,1,4,2,8
RUB091,2024-07,180,177,10,4,3,4,4,3,1,2,36.9,6,23,13,21
RUB092,2024-07,186,178,11,3,8,4,4,3,2,1,37.2,7,22,9,32
NYA093,2024-07,116,112,5,2,4,2,2,1,0,2,36.6,4,14,8,13
NYA094,2024-07,101,97,4,2,4,1,1,1,0,3,37.7,3,12,5,17
NYA095,2024-07,168,161,6,3,7,3,3,2,1,0,38.2,4,20,11,30
NYA096,2024-07,69,67,2,1,2,0,0,0,0,3,37.4,1,7,4,11
NYA097,2024-07,217,208,6,1,9,1,2,2,0,2,37.2,9,26,6,32
NGO098,2024-07,295,290,4,2,5,1,2,1,0,2,37.5,10,24,20,41
NGO099,2024-07,305,300,6,3,5,2,2,2,0,3,37.9,8,44,14,31
NGO100,2024-07,220,214,7,2,6,2,2,2,0,3,38.4,10,29,15,37
NGO101,2024-07,128,125,7,2,3,3,2,2,1,1,38.4,5,12,5,15
NGO102,2024-07,75,72,2,1,3,0,0,0,0,3,38.5,2,10,2,9
RUS103,2024-07,230,223,3,1,7,1,1,1,0,1,37.9,6,18,15,35
RUS104,2024-07,109,106,4,1,3,1,1,1,0,2,37.0,2,15,4,17
RUS105,2024-07,106,104,6,2,2,2,2,1,1,2,38.1,3,10,4,18
NYA106,2024-07,115,111,3,2,4,1,1,1,0,2,38.1,4,14,7,17
NYA107,2024-07,350,343,7,3,7,2,2,2,1,3,37.0,10,39,14,46
NYA108,2024-07,92,90,3,1,2,1,1,1,0,1,37.8,4,12,3,14
RUT109,2024-07,132,129,8,2,3,2,2,2,1,3,36.6,5,15,6,23
RUT110,2024-07,98,96,5,1,2,1,1,1,0,3,37.0,2,10,6,18
RUT111,2024-07,187,184,9,5,3,3,3,3,1,4,36.9,6,23,13,32
RUT112,2024-07,127,123,4,2,4,2,1,1,0,2,36.5,2,16,5,18
RUT113,2024-07,233,224,4,3,9,2,1,1,0,3,36.7,9,24,16,37
KAR114,2024-07,212,209,6,1,3,1,2,1,0,3,37.7,9,28,7,27
KAR115,2024-07,304,294,8,2,10,3,2,2,0,3,37.3,6,38,16,47
KAR116,2024-07,61,59,3,1,2,1,1,0,0,2,37.7,1,4,3,8
KAR117,2024-07,222,218,3,1,4,1,1,0,0,2,37.5,6,26,9,38
NYA001,2024-08,307,299,7,4,8,3,3,2,0,3,36.6,7,42,13,33
NYA002,2024-08,90,87,5,2,3,1,2,1,1,2,37.0,3,9,3,12
NYA003,2024-08,302,297,4,2,5,1,1,1,0,3,37.2,6,33,18,53
NYA004,2024-08,500,482,5,2,18,2,2,1,0,2,36.7,12,48,25,52
NYA005,2024-08,60,58,3,0,2,1,0,0,0,2,37.9,2,6,3,6
GAS006,2024-08,126,124,5,2,2,2,2,1,0,2,38.0,5,16,6,21
GAS007,2024-08,323,317,9,4,6,3,3,3,1,3,38.1,14,45,22,33
GAS008,2024-08,70,68,4,1,2,1,1,1,0,2,36.7,2,7,3,8
GAS009,2024-08,93,90,5,1,3,1,1,1,0,3,38.2,3,9,5,17
KIC010,2024-08,294,284,5,2,10,1,1,1,1,3,36.8,14,39,10,31
KIC011,2024-08,175,168,10,4,7,4,3,3,0,4,38.2,4,13,5,25
KIC012,2024-08,401,388,5,2,13,1,2,2,0,2,36.9,10,48,11,54
KIC013,2024-08,76,73,4,1,3,1,1,1,0,2,38.5,2,8,3,13
HUY014,2024-08,130,125,7,2,5,3,2,1,0,3,36.8,3,18,8,22
HUY015,2024-08,227,222,7,2,5,2,2,1,1,3,36.8,4,19,9,42
HUY016,2024-08,190,186,8,3,4,3,3,3,0,2,37.2,5,24,11,32
NYA017,2024-08,56,55,2,0,1,0,0,0,0,2,37.2,1,7,3,8
NYA018,2024-08,108,106,3,2,2,1,1,1,0,2,36.6,3,11,5,16
NYA019,2024-08,86,84,5,1,2,1,1,1,0,3,37.8,2,9,5,9
NYA020,2024-08,142,137,8,2,5,2,3,2,0,3,36.7,3,13,5,20
NYA021,2024-08,58,57,2,1,1,1,0,0,0,2,38.1,1,4,2,10
GIS022,2024-08,99,97,4,1,2,1,1,1,0,2,38.0,2,11,4,16
GIS023,2024-08,158,152,8,3,6,3,3,3,1,1,37.4,7,16,8,26
GIS024,2024-08,70,69,2,1,1,0,1,0,0,2,37.9,2,8,2,11
GIS025,2024-08,231,226,6,2,5,2,2,1,0,3,37.1,9,23,15,24
GIS026,2024-08,194,191,7,3,3,2,3,2,0,3,38.1,4,22,14,29
NYA027,2024-08,272,267,7,2,5,2,3,2,1,1,38.4,11,33,10,50
NYA028,2024-08,84,81,3,2,3,1,1,1,0,2,36.7,1,10,2,11
NYA029,2024-08,162,159,5,2,3,1,2,2,0,2,37.3,7,23,6,30
MUH030,2024-08,189,185,11,3,4,4,4,3,1,2,36.7,6,16,11,29
MUH031,2024-08,66,65,2,1,1,1,1,0,0,1,36.6,2,7,1,9
MUH032,2024-08,56,55,2,1,1,0,1,0,0,2,38.3,1,5,3,10
KAM033,2024-08,62,60,3,1,2,1,1,1,0,1,37.9,1,8,2,8
KAM034,2024-08,89,87,3,1,2,1,1,1,0,1,38.4,3,11,6,11
KAM035,2024-08,182,177,11,3,5,3,3,4,0,4,37.6,4,21,8,27
KAM036,2024-08,122,118,5,2,4,2,1,1,0,3,37.3,3,14,8,14
RUH037,2024-08,101,98,6,1,3,2,2,1,0,2,37.2,4,8,6,17
RUH038,2024-08,135,132,7,2,3,2,2,1,1,3,38.4,6,10,9,25
RUH039,2024-08,115,112,5,1,3,1,1,1,0,3,36.8,4,14,5,17
NYA040,2024-08,65,63,3,1,2,1,1,0,0,2,38.3,2,8,4,6
NYA041,2024-08,174,171,10,4,3,3,3,3,1,4,37.8,3,16,7,33
NYA042,2024-08,91,88,4,1,3,1,1,1,0,2,36.7,2,10,4,12
NYA043,2024-08,143,139,5,2,4,2,2,1,0,2,37.0,5,17,5,27
MUS044,2024-08,267,258,9,3,9,3,4,2,1,2,36.6,12,36,16,36
MUS045,2024-08,285,275,5,2,10,2,2,2,0,1,38.0,13,28,11,43
MUS046,2024-08,221,213,5,2,8,2,2,1,0,2,37.4,4,18,14,36
BUR047,2024-08,170,165,6,3,5,3,2,2,0,2,36.7,5,20,12,27
BUR048,2024-08,73,70,3,1,3,1,1,0,0,2,37.2,1,8,4,12
BUR049,2024-08,83,81,5,2,2,1,1,1,0,4,36.9,3,8,6,10
GAK050,2024-08,120,115,4,2,5,1,2,1,0,2,36.9,2,16,5,16
GAK051,2024-08,55,53,2,1,2,0,0,0,0,3,37.1,1,5,2,8
GAK052,2024-08,181,175,8,4,6,4,3,2,1,2,37.2,4,23,11,17
GAK053,2024-08,157,153,9,3,4,3,3,3,0,3,37.6,7,19,5,17
GAK054,2024-08,57,54,3,1,3,1,1,0,0,2,37.3,2,5,2,7
GIC055,2024-08,172,168,6,4,4,3,3,2,1,1,36.5,7,24,8,19
GIC056,2024-08,160,157,6,4,3,3,3,2,1,1,37.6,6,20,7,20
GIC057,2024-08,159,156,10,3,3,3,3,2,0,5,37.9,5,16,6,15
GIC058,2024-08,125,121,8,1,4,2,2,2,0,3,37.0,2,13,9,14
GIC059,2024-08,119,116,6,3,3,3,2,2,0,2,38.1,2,12,8,20
RUL060,2024-08,253,245,7,2,8,2,2,2,0,3,37.8,10,36,19,46
RUL061,2024-08,184,180,12,2,4,3,4,3,1,3,36.6,6,20,8,21
RUL062,2024-08,124,120,5,3,4,2,2,2,1,1,37.3,4,10,5,16
NGO063,2024-08,118,113,5,1,5,1,1,1,0,3,37.9,3,12,7,16
NGO064,2024-08,151,146,5,4,5,2,2,2,0,3,38.2,2,16,9,19
NGO065,2024-08,101,98,4,2,3,1,1,1,0,3,38.2,4,9,4,12
BUG066,2024-08,115,113,5,2,2,2,2,1,0,2,37.2,3,9,4,15
BUG067,2024-08,134,131,6,3,3,2,3,2,0,2,37.1,3,14,8,22
BUG068,2024-08,75,74,4,1,1,1,1,1,0,2,38.2,1,6,5,7
BUG069,2024-08,51,49,2,1,2,0,0,0,0,3,37.7,1,3,3,8
RWA070,2024-08,105,100,5,1,5,1,1,1,0,3,37.8,3,14,6,19
RWA071,2024-08,108,106,5,1,2,2,1,1,0,2,36.7,4,9,6,13
RWA072,2024-08,302,295,8,2,7,3,2,2,0,3,38.2,6,31,9,58
GAT073,2024-08,82,80,4,1,2,1,1,1,0,2,37.9,1,9,4,9
GAT074,2024-08,59,56,2,0,3,0,0,0,0,2,36.8,1,6,1,7
GAT075,2024-08,348,339,8,3,9,3,3,2,1,2,36.9,7,46,15,45
GAT076,2024-08,107,105,4,2,2,1,1,1,0,3,37.4,4,15,5,19
GAT077,2024-08,130,126,8,2,4,2,3,2,0,3,37.7,3,12,9,12
KAY078,2024-08,76,75,3,1,1,1,1,1,0,1,37.9,2,10,2,7
KAY079,2024-08,71,68,2,1,3,0,0,0,0,3,38.1,3,6,4,13
KAY080,2024-08,90,86,3,2,4,1,1,1,0,2,37.6,1,12,5,13
KAY081,2024-08,117,112,3,2,5,1,1,1,0,2,37.7,3,11,6,22
KIR082,2024-08,192,189,12,3,3,3,4,3,2,3,37.6,8,24,6,22
KIR083,2024-08,187,183,10,3,4,3,3,2,0,5,37.0,4,16,10,33
KIR084,2024-08,89,87,5,1,2,1,1,1,0,3,36.8,4,11,4,11
KIR085,2024-08,89,86,3,2,3,1,1,1,0,2,37.9,4,10,6,15
NYA086,2024-08,230,223,4,3,7,1,2,1,0,3,37.0,5,32,16,27
NYA087,2024-08,57,54,2,1,3,0,0,0,0,3,38.3,2,5,3,8
NYA088,2024-08,296,287,8,3,9,3,3,2,1,2,37.0,11,24,10,54
NYA089,2024-08,66,63,4,1,3,1,1,1,0,2,38.0,2,9,4,8
RUB090,2024-08,78,75,3,1,3,1,1,1,0,1,36.7,3,7,2,8
RUB091,2024-08,195,192,8,3,3,3,2,2,1,3,36.6,5,22,9,19
RUB092,2024-08,173,166,9,4,7,4,4,2,1,2,38.3,7,20,5,28
NYA093,2024-08,106,104,4,2,2,1,1,1,0,3,38.2,3,10,4,16
NYA094,2024-08,75,72,3,1,3,1,1,0,0,2,38.3,3,7,3,8
NYA095,2024-08,142,136,6,2,6,2,2,1,1,2,36.5,5,18,10,21
NYA096,2024-08,113,110,3,3,3,1,1,1,0,3,37.2,2,10,6,11
NYA097,2024-08,223,219,5,3,4,2,2,2,1,1,37.1,4,24,10,27
NGO098,2024-08,332,326,8,4,6,3,3,2,1,3,37.5,6,28,18,48
NGO099,2024-08,236,228,7,3,8,2,2,2,0,4,37.6,7,30,7,29
NGO100,2024-08,329,324,7,3,5,3,2,2,0,3,38.3,14,29,14,54
NGO101,2024-08,166,163,7,2,3,2,2,2,1,2,38.1,3,23,10,31
NGO102,2024-08,68,65,3,1,3,1,1,1,0,1,38.1,3,5,4,9
RUS103,2024-08,308,300,8,4,8,3,3,3,1,2,37.2,9,35,17,38
RUS104,2024-08,171,164,10,4,7,3,4,3,1,3,37.2,5,16,5,28
RUS105,2024-08,160,154,6,3,6,2,3,2,1,1,37.8,5,19,9,23
NYA106,2024-08,72,69,3,1,3,1,1,1,0,1,37.4,3,7,4,7
NYA107,2024-08,294,282,9,2,12,3,3,2,0,3,37.9,6,27,8,54
NYA108,2024-08,54,53,3,1,1,1,1,0,0,2,36.9,2,5,1,8
RUT109,2024-08,177,173,7,3,4,2,2,2,1,3,37.9,6,22,10,28
RUT110,2024-08,92,90,4,2,2,1,1,1,0,3,38.4,3,8,3,17
RUT111,2024-08,191,188,7,5,3,3,4,2,0,3,37.4,8,20,12,30
RUT112,2024-08,118,115,7,2,3,2,2,2,1,2,38.5,3,16,7,14
RUT113,2024-08,349,339,5,2,10,2,1,2,0,2,37.4,16,45,12,65
KAR114,2024-08,229,220,7,1,9,2,2,1,0,3,38.3,4,25,15,31
KAR115,2024-08,270,266,8,2,4,2,3,2,0,3,36.9,7,28,19,31
KAR116,2024-08,117,112,4,2,5,1,1,1,0,3,38.1,5,10,4,18
KAR117,2024-08,309,298,4,2,11,1,1,1,0,3,38.1,7,37,15,44
NYA001,2024-09,205,201,5,1,4,1,1,1,0,3,37.1,4,27,14,21
NYA002,2024-09,86,82,3,1,4,1,1,1,0,1,36.7,2,11,6,15
NYA003,2024-09,245,238,6,3,7,2,3,2,0,2,37.9,8,27,15,44
NYA004,2024-09,600,578,7,3,22,3,3,2,1,1,38.0,21,62,35,71
NYA005,2024-09,91,88,5,2,3,2,2,1,0,2,38.4,2,7,5,12
GAS006,2024-09,175,169,10,4,6,4,3,3,0,4,37.7,6,22,5,18
GAS007,2024-09,240,230,5,2,10,1,1,1,0,4,37.8,6,28,16,30
GAS008,2024-09,114,111,6,2,3,2,2,2,0,2,37.7,3,9,6,19
GAS009,2024-09,84,80,4,1,4,1,1,1,0,2,36.6,1,8,6,13
KIC010,2024-09,321,311,5,3,10,2,2,2,0,2,38.1,14,41,24,48
KIC011,2024-09,182,175,12,4,7,5,5,3,2,1,37.7,7,23,6,26
KIC012,2024-09,412,402,3,2,10,1,1,1,0,2,38.5,10,43,18,47
KIC013,2024-09,51,50,2,0,1,0,0,0,0,2,37.7,1,5,3,9
HUY014,2024-09,149,144,9,3,5,3,3,2,1,3,37.8,6,17,8,28
HUY015,2024-09,349,341,6,5,8,2,3,2,1,3,36.7,10,38,14,56
HUY016,2024-09,145,140,9,2,5,2,3,2,0,4,37.2,5,13,7,16
NYA017,2024-09,109,104,5,2,5,1,2,1,0,3,37.3,4,14,6,19
NYA018,2024-09,133,129,5,3,4,2,2,1,0,3,37.9,5,16,7,24
NYA019,2024-09,51,49,1,1,2,0,0,0,0,2,38.4,1,7,2,8
NYA020,2024-09,108,103,5,2,5,2,2,1,0,2,37.0,4,9,7,16
NYA021,2024-09,65,63,2,1,2,0,0,0,0,3,37.5,3,7,3,10
GIS022,2024-09,107,103,4,3,4,2,1,2,0,2,38.3,3,10,7,18
GIS023,2024-09,105,103,5,2,2,1,2,1,0,3,36.9,2,14,3,20
GIS024,2024-09,55,53,1,1,2,0,0,0,0,2,36.9,1,7,2,9
GIS025,2024-09,218,210,4,2,8,1,1,1,0,3,36.6,7,22,10,31
GIS026,2024-09,112,107,6,2,5,2,2,2,0,2,37.7,5,14,4,18
NYA027,2024-09,224,218,4,2,6,1,1,1,0,3,37.0,10,21,10,35
NYA028,2024-09,118,115,4,2,3,2,1,1,0,2,37.4,3,16,3,20
NYA029,2024-09,199,196,8,5,3,3,3,3,1,3,36.9,4,26,13,21
MUH030,2024-09,138,136,8,3,2,2,2,3,0,4,37.4,4,19,4,25
MUH031,2024-09,100,98,5,2,2,1,1,2,0,3,37.4,2,9,4,15
MUH032,2024-09,82,80,4,2,2,2,1,1,0,2,36.5,2,11,2,14
KAM033,2024-09,120,118,7,1,2,2,2,1,1,2,36.8,2,16,5,16
KAM034,2024-09,68,66,4,1,2,1,1,1,0,2,37.0,2,6,5,10
KAM035,2024-09,113,108,3,2,5,1,1,1,0,2,37.8,4,15,7,21
KAM036,2024-09,121,117,5,2,4,2,2,1,0,2,36.8,3,12,4,13
RUH037,2024-09,184,181,7,4,3,2,2,2,0,5,37.2,4,23,12,26
RUH038,2024-09,130,125,5,2,5,1,1,1,0,4,36.8,5,11,8,16
RUH039,2024-09,109,104,4,2,5,1,1,1,0,3,37.6,4,13,6,12
NYA040,2024-09,109,107,4,1,2,1,1,1,0,2,38.4,2,13,7,12
NYA041,2024-09,107,105,5,3,2,2,2,2,0,2,38.3,4,10,7,16
NYA042,2024-09,116,112,5,2,4,2,2,1,0,2,37.1,4,10,3,17
NYA043,2024-09,107,103,6,2,4,2,2,2,0,2,37.5,4,10,4,12
MUS044,2024-09,208,201,3,2,7,1,1,1,0,2,37.2,7,26,14,27
MUS045,2024-09,292,286,8,3,6,2,3,2,0,4,36.7,7,33,10,48
MUS046,2024-09,270,261,4,3,9,1,2,1,0,3,37.7,8,23,20,35
BUR047,2024-09,134,131,5,2,3,2,2,1,0,2,37.7,6,11,9,14
BUR048,2024-09,50,49,2,0,1,0,0,0,0,2,38.5,1,6,2,5
BUR049,2024-09,101,98,6,2,3,2,2,2,0,2,36.6,4,13,5,19
GAK050,2024-09,62,60,2,1,2,0,0,0,0,3,36.9,1,7,3,10
GAK051,2024-09,115,111,6,2,4,2,2,2,0,2,37.3,4,9,5,15
GAK052,2024-09,167,161,10,3,6,4,3,3,1,2,36.6,5,19,10,17
GAK053,2024-09,129,127,7,2,2,3,2,1,0,3,37.3,3,14,4,12
GAK054,2024-09,53,51,3,0,2,0,0,0,0,3,38.1,2,6,1,8
GIC055,2024-09,192,187,7,3,5,2,2,2,0,4,36.9,6,23,11,29
GIC056,2024-09,151,147,5,2,4,2,2,1,0,2,37.2,4,18,7,28
GIC057,2024-09,176,171,6,4,5,3,2,2,1,2,36.5,7,14,9,33
GIC058,2024-09,139,133,6,3,6,2,2,2,1,2,37.9,2,14,10,20
GIC059,2024-09,106,103,5,1,3,2,1,1,0,2,36.7,2,13,6,12
RUL060,2024-09,326,314,8,3,12,3,3,3,0,2,38.2,10,45,18,38
RUL061,2024-09,155,150,8,2,5,2,3,2,1,2,37.3,7,12,8,26
RUL062,2024-09,119,115,4,2,4,1,1,1,0,3,37.7,3,16,7,19
NGO063,2024-09,141,135,4,3,6,2,2,1,0,2,37.7,5,17,6,22
NGO064,2024-09,138,135,8,3,3,3,2,2,1,3,37.6,4,19,4,23
NGO065,2024-09,103,101,4,1,2,1,1,1,0,2,38.4,4,12,6,15
BUG066,2024-09,195,190,11,3,5,4,4,3,0,3,36.7,7,17,14,30
BUG067,2024-09,182,175,11,4,7,5,3,4,1,2,37.3,8,21,13,21
BUG068,2024-09,98,95,5,2,3,2,1,1,0,3,36.6,1,11,3,10
BUG069,2024-09,64,61,2,1,3,0,0,0,0,3,38.1,1,6,2,7
RWA070,2024-09,118,116,4,2,2,2,2,1,0,1,38.2,5,13,5,21
RWA071,2024-09,117,115,7,2,2,2,2,1,0,4,37.6,3,13,7,15
RWA072,2024-09,324,318,10,3,6,4,4,2,0,3,37.2,11,28,13,55
GAT073,2024-09,72,69,3,1,3,1,1,0,0,2,37.0,3,5,4,12
GAT074,2024-09,56,54,3,1,2,1,1,0,0,2,37.8,1,8,2,8
GAT075,2024-09,254,245,5,1,9,1,1,1,0,3,38.4,11,27,9,26
GAT076,2024-09,184,177,10,5,7,5,4,4,0,2,38.3,7,15,11,21
GAT077,2024-09,135,131,6,2,4,2,2,1,0,3,36.5,6,16,9,13
KAY078,2024-09,111,108,7,1,3,2,2,1,0,3,37.8,3,13,4,18
KAY079,2024-09,90,87,6,1,3,2,2,1,0,2,37.7,2,9,5,17
KAY080,2024-09,97,94,5,2,3,1,2,1,0,3,37.8,3,13,7,16
KAY081,2024-09,164,158,7,3,6,2,3,2,1,2,38.1,4,16,9,25
KIR082,2024-09,137,133,7,2,4,2,2,2,0,3,37.0,6,10,7,25
KIR083,2024-09,135,130,6,2,5,2,2,2,0,2,37.6,6,15,4,20
KIR084,2024-09,70,68,4,1,2,1,1,1,0,2,37.9,2,9,5,11
KIR085,2024-09,80,77,3,1,3,1,1,0,0,2,38.1,2,10,5,11
NYA086,2024-09,257,250,5,3,7,2,2,2,1,1,37.9,5,21,14,30
NYA087,2024-09,105,101,5,1,4,1,1,1,0,3,36.8,3,12,6,14
NYA088,2024-09,328,319,6,3,9,2,2,1,0,4,38.0,13,31,10,33
NYA089,2024-09,63,61,3,1,2,1,1,0,0,2,37.1,2,9,2,7
RUB090,2024-09,117,113,5,3,4,2,2,2,0,2,36.9,4,14,7,21
RUB091,2024-09,129,124,7,1,5,2,2,1,1,2,36.9,4,14,5,21
RUB092,2024-09,115,110,5,1,5,1,1,1,0,3,38.1,3,11,8,15
NYA093,2024-09,199,195,13,5,4,5,5,4,1,3,37.2,7,21,11,26
NYA094,2024-09,80,77,5,2,3,2,2,1,0,2,37.5,1,7,4,12
NYA095,2024-09,101,98,5,2,3,2,2,1,0,2,38.4,4,11,5,17
NYA096,2024-09,66,65,2,1,1,0,0,0,0,3,37.0,2,9,3,7
NYA097,2024-09,319,312,7,2,7,2,2,1,1,3,36.5,12,32,24,58
NGO098,2024-09,234,231,3,2,3,1,1,1,0,2,37.5,8,33,8,43
NGO099,2024-09,232,225,3,2,7,1,1,1,0,2,38.2,10,19,12,42
NGO100,2024-09,320,315,10,3,5,3,3,3,1,3,37.6,8,40,19,41
NGO101,2024-09,135,133,5,2,2,1,2,1,0,3,37.4,4,13,6,18
NGO102,2024-09,115,111,6,3,4,2,2,2,1,2,36.6,2,9,6,17
RUS103,2024-09,298,287,9,2,11,3,2,2,1,3,37.1,11,35,10,42
RUS104,2024-09,138,136,5,3,2,2,2,2,0,2,38.0,4,17,9,19
RUS105,2024-09,163,158,7,4,5,3,3,2,1,2,37.5,5,13,5,19
NYA106,2024-09,119,114,5,1,5,1,2,1,0,2,37.9,5,16,7,19
NYA107,2024-09,212,206,4,1,6,1,1,1,0,2,37.7,7,19,13,22
NYA108,2024-09,68,67,2,1,1,1,1,0,0,1,36.9,1,8,3,8
RUT109,2024-09,150,147,5,2,3,2,1,1,0,3,36.8,3,20,6,28
RUT110,2024-09,108,105,6,2,3,2,2,1,0,3,38.1,4,13,7,11
RUT111,2024-09,111,108,7,2,3,2,2,2,0,3,37.2,4,11,4,11
RUT112,2024-09,102,98,5,1,4,2,1,1,0,2,38.1,4,9,3,14
RUT113,2024-09,228,223,4,3,5,2,2,1,0,2,37.6,7,18,11,29
KAR114,2024-09,335,323,6,4,12,3,3,2,1,1,36.7,15,30,10,39
KAR115,2024-09,220,213,6,2,7,2,2,2,0,2,38.1,7,19,12,41
KAR116,2024-09,77,76,2,1,1,1,0,0,0,2,37.5,3,8,4,8
KAR117,2024-09,290,279,9,2,11,3,3,2,0,3,37.5,5,31,18,28
NYA001,2024-10,332,322,8,3,10,3,3,2,1,2,37.3,14,28,10,50
NYA002,2024-10,62,60,3,1,2,1,1,0,0,2,38.3,1,6,2,10
NYA003,2024-10,287,281,7,3,6,3,3,2,0,2,37.1,13,33,20,34
NYA004,2024-10,410,402,5,2,8,1,2,1,0,3,37.5,17,53,20,73
NYA005,2024-10,71,68,2,1,3,0,0,0,0,3,37.9,1,10,2,7
GAS006,2024-10,162,159,10,4,3,4,4,2,0,4,38.4,5,17,11,18
GAS007,2024-10,256,249,4,2,7,1,1,1,0,3,38.2,7,26,8,49
GAS008,2024-10,119,116,4,3,3,1,1,1,0,4,37.7,4,10,9,20
GAS009,2024-10,69,67,4,1,2,1,1,1,0,2,37.7,2,5,2,12
KIC010,2024-10,339,330,11,2,9,3,4,2,1,3,36.6,9,30,19,46
KIC011,2024-10,123,120,6,3,3,2,2,2,0,3,37.3,3,13,7,12
KIC012,2024-10,458,450,5,1,8,1,1,1,0,3,37.9,16,61,35,53
KIC013,2024-10,99,95,6,1,4,1,1,1,0,4,37.5,2,11,3,13
HUY014,2024-10,135,132,7,2,3,2,2,2,1,2,37.3,4,19,5,26
HUY015,2024-10,222,219,3,3,3,1,1,1,0,3,38.4,7,28,14,29
HUY016,2024-10,160,154,7,3,6,2,2,2,1,3,36.5,4,15,5,21
NYA017,2024-10,69,67,3,1,2,1,1,0,0,2,38.1,1,6,3,10
NYA018,2024-10,154,151,9,2,3,2,2,2,0,5,37.7,4,12,12,18
NYA019,2024-10,116,112,4,3,4,1,2,1,0,3,38.1,2,16,7,17
NYA020,2024-10,106,102,5,2,4,2,2,2,0,1,38.3,3,11,6,15
NYA021,2024-10,58,56,1,1,2,0,0,0,0,2,36.9,2,4,2,6
GIS022,2024-10,94,92,4,1,2,1,1,1,0,2,36.5,2,13,5,13
GIS023,2024-10,132,126,7,3,6,2,2,2,1,3,37.4,3,18,4,19
GIS024,2024-10,76,73,2,1,3,0,0,0,0,3,37.4,1,8,3,13
GIS025,2024-10,306,296,8,4,10,3,3,3,1,2,36.7,10,28,14,51
GIS026,2024-10,197,190,10,5,7,3,4,3,1,4,37.4,7,16,8,37
NYA027,2024-10,293,283,7,2,10,2,2,1,1,3,38.1,13,32,11,41
NYA028,2024-10,81,78,4,1,3,1,1,1,0,2,36.6,2,9,3,14
NYA029,2024-10,124,119,4,2,5,1,1,1,0,3,37.4,4,10,4,20
MUH030,2024-10,116,112,6,2,4,2,2,1,0,3,36.9,5,12,6,19
MUH031,2024-10,78,76,2,1,2,1,0,0,0,2,37.0,2,8,5,12
MUH032,2024-10,63,61,2,1,2,0,0,0,0,3,37.7,2,6,3,11
KAM033,2024-10,98,94,4,2,4,1,1,1,0,3,36.9,3,12,7,13
KAM034,2024-10,68,66,4,1,2,1,1,1,0,2,37.8,3,6,4,8
KAM035,2024-10,148,144,6,2,4,2,2,1,1,2,37.0,6,19,9,25
KAM036,2024-10,175,170,6,2,5,2,2,2,1,1,37.0,7,16,5,21
RUH037,2024-10,175,169,7,3,6,3,2,2,0,3,37.1,4,20,9,30
RUH038,2024-10,173,169,11,2,4,4,3,3,0,3,37.0,4,22,12,30
RUH039,2024-10,107,103,6,2,4,2,2,2,0,2,38.2,3,10,7,15
NYA040,2024-10,111,108,6,2,3,2,2,2,0,2,36.8,2,13,4,12
NYA041,2024-10,185,180,8,4,5,4,3,3,1,1,37.3,6,15,13,34
NYA042,2024-10,72,70,4,1,2,1,1,1,0,2,37.2,2,6,3,12
NYA043,2024-10,175,169,7,2,6,2,2,2,0,3,37.8,3,20,8,33
MUS044,2024-10,338,333,11,4,5,5,4,3,1,2,37.1,9,30,16,53
MUS045,2024-10,254,248,3,2,6,1,1,1,0,2,37.2,8,26,14,37
MUS046,2024-10,220,212,6,2,8,2,2,1,0,3,37.6,4,29,11,40
BUR047,2024-10,172,169,7,2,3,2,2,2,1,2,37.5,6,15,11,33
BUR048,2024-10,63,61,3,1,2,1,1,1,0,1,36.9,1,7,3,8
BUR049,2024-10,69,67,2,1,2,0,0,0,0,3,37.4,3,8,5,12
GAK050,2024-10,81,77,5,1,4,1,1,1,0,3,36.7,3,10,5,9
GAK051,2024-10,120,116,6,2,4,2,2,2,0,2,36.5,2,16,5,17
GAK052,2024-10,148,143,6,3,5,3,2,2,0,2,36.6,4,12,6,24
GAK053,2024-10,113,110,5,1,3,2,1,1,0,2,37.5,5,15,6,13
GAK054,2024-10,80,78,4,1,2,1,1,1,0,2,36.8,2,9,6,9
GIC055,2024-10,181,173,7,2,8,2,2,1,0,4,36.8,6,14,5,25
GIC056,2024-10,173,168,11,4,5,3,5,3,1,3,37.5,3,16,10,25
GIC057,2024-10,139,134,8,2,5,2,3,2,1,2,38.3,4,14,8,20
GIC058,2024-10,184,178,6,4,6,2,3,2,0,3,38.2,7,19,5,19
GIC059,2024-10,116,112,6,1,4,1,1,1,1,3,37.3,3,10,6,19
RUL060,2024-10,257,249,7,2,8,2,3,2,0,2,36.8,8,25,16,33
RUL061,2024-10,109,106,6,2,3,2,2,1,0,3,38.1,3,12,5,17
RUL062,2024-10,138,136,5,2,2,1,2,1,0,3,37.2,3,11,5,14
NGO063,2024-10,165,159,10,4,6,4,4,3,1,2,38.2,3,23,9,25
NGO064,2024-10,134,130,7,2,4,2,3,2,1,1,37.4,5,12,7,22
NGO065,2024-10,50,49,3,1,1,1,1,1,0,1,37.2,1,4,3,4
BUG066,2024-10,105,103,3,1,2,1,1,0,0,2,36.7,5,15,7,18
BUG067,2024-10,127,125,5,3,2,2,2,1,1,2,37.1,2,12,7,16
BUG068,2024-10,88,85,4,1,3,1,1,1,0,2,36.8,2,11,2,13
BUG069,2024-10,104,100,4,1,4,1,1,1,0,2,37.2,2,10,6,14
RWA070,2024-10,113,111,6,2,2,2,2,1,0,3,36.5,4,10,6,18
RWA071,2024-10,73,71,4,2,2,1,1,1,0,3,37.4,2,9,2,12
RWA072,2024-10,342,335,7,2,7,3,3,2,1,0,36.8,11,31,16,56
GAT073,2024-10,106,103,4,1,3,1,1,1,0,2,37.0,2,15,5,17
GAT074,2024-10,82,80,4,1,2,1,1,1,0,2,36.9,1,7,4,15
GAT075,2024-10,339,325,10,4,14,3,3,3,1,4,37.2,10,27,18,36
GAT076,2024-10,129,126,5,3,3,2,2,2,0,2,38.5,3,13,6,18
GAT077,2024-10,148,144,9,3,4,3,3,2,1,3,37.2,6,13,9,28
KAY078,2024-10,71,69,2,1,2,1,1,0,0,1,38.1,1,6,3,9
KAY079,2024-10,57,55,2,1,2,0,1,0,0,2,38.3,1,6,2,7
KAY080,2024-10,81,79,4,2,2,1,1,1,0,3,36.9,3,11,4,8
KAY081,2024-10,180,175,9,4,5,3,3,3,1,3,37.7,7,18,6,31
KIR082,2024-10,107,104,4,1,3,1,1,1,0,2,38.1,3,8,8,17
KIR083,2024-10,188,183,7,4,5,3,3,2,0,3,37.5,7,15,6,18
KIR084,2024-10,100,96,5,1,4,1,2,1,0,2,37.5,3,14,7,10
KIR085,2024-10,80,77,2,1,3,0,0,0,0,3,37.2,3,8,2,10
NYA086,2024-10,300,293,9,3,7,3,3,2,1,3,38.3,9,31,17,51
NYA087,2024-10,91,88,5,2,3,1,2,1,1,2,38.2,2,10,4,13
NYA088,2024-10,350,339,7,4,11,3,3,3,1,1,37.1,16,31,13,34
NYA089,2024-10,93,90,4,1,3,1,1,1,0,2,37.0,2,7,5,12
RUB090,2024-10,105,101,4,2,4,1,1,1,0,3,37.3,4,9,7,12
RUB091,2024-10,147,144,8,3,3,2,3,2,1,3,37.7,3,16,4,16
RUB092,2024-10,192,189,9,3,3,3,3,2,1,3,37.3,6,27,11,35
NYA093,2024-10,179,175,10,3,4,4,3,3,0,3,36.8,7,17,8,28
NYA094,2024-10,71,68,2,1,3,0,0,0,0,3,37.4,2,8,2,10
NYA095,2024-10,140,137,9,2,3,3,3,2,1,2,36.7,4,19,9,22
NYA096,2024-10,88,85,3,2,3,1,1,1,0,2,37.4,1,9,3,15
NYA097,2024-10,271,267,5,3,4,2,2,1,0,3,38.4,5,31,14,37
NGO098,2024-10,254,247,4,3,7,1,2,1,0,3,36.7,11,21,15,34
NGO099,2024-10,276,264,5,3,12,2,2,2,0,2,38.3,9,22,20,50
NGO100,2024-10,282,274,5,2,8,1,2,1,0,3,37.2,9,32,20,36
NGO101,2024-10,167,164,11,2,3,3,4,3,1,2,38.0,3,23,9,24
NGO102,2024-10,70,67,3,1,3,1,1,1,0,1,37.7,2,9,3,10
RUS103,2024-10,221,212,3,2,9,1,1,1,0,2,36.6,6,18,15,26
RUS104,2024-10,110,106,6,2,4,2,2,2,0,2,36.6,3,9,4,20
RUS105,2024-10,122,118,6,3,4,2,3,2,0,2,37.3,3,15,4,20
NYA106,2024-10,65,63,3,1,2,1,1,1,0,1,37.7,1,5,2,11
NYA107,2024-10,237,229,6,1,8,2,2,1,0,2,37.9,8,21,7,34
NYA108,2024-10,98,96,5,1,2,1,1,1,0,3,37.1,3,8,7,16
RUT109,2024-10,164,159,7,4,5,2,2,2,0,5,36.5,3,22,6,29
RUT110,2024-10,70,67,3,1,3,1,1,1,0,1,38.1,1,5,3,10
RUT111,2024-10,103,99,3,1,4,1,1,0,0,2,36.6,4,14,6,15
RUT112,2024-10,154,150,7,3,4,2,2,2,0,4,37.4,5,18,6,22
RUT113,2024-10,234,227,4,2,7,1,1,1,0,3,37.9,7,18,17,25
KAR114,2024-10,233,228,5,3,5,2,2,2,0,2,38.3,8,23,9,43
KAR115,2024-10,338,326,9,4,12,4,3,3,1,2,37.8,7,45,25,44
KAR116,2024-10,70,67,2,1,3,0,1,0,0,2,37.6,2,7,3,7
KAR117,2024-10,212,208,6,2,4,2,2,2,0,2,37.8,5,23,13,35
NYA001,2024-11,236,227,7,3,9,3,2,2,0,3,38.1,10,21,15,38
NYA002,2024-11,90,86,3,2,4,1,1,1,0,2,37.9,1,8,2,10
NYA003,2024-11,290,286,8,3,4,3,3,2,1,2,38.3,11,29,13,34
NYA004,2024-11,597,585,8,2,12,3,2,2,1,2,38.1,16,84,40,74
NYA005,2024-11,105,102,5,2,3,1,1,2,0,3,37.0,4,8,4,11
GAS006,2024-11,106,104,6,2,2,2,2,1,0,3,38.4,4,9,6,13
GAS007,2024-11,343,332,7,4,11,2,3,2,1,3,38.0,10,49,17,42
GAS008,2024-11,78,75,3,1,3,1,1,1,0,1,37.9,2,6,2,13
GAS009,2024-11,109,107,5,2,2,2,2,2,0,1,37.6,2,11,7,19
KIC010,2024-11,231,221,4,1,10,1,1,1,0,2,37.9,9,21,13,40
KIC011,2024-11,142,140,8,2,2,3,2,2,0,3,37.2,2,17,5,16
KIC012,2024-11,551,537,6,2,14,2,2,2,0,2,36.5,22,52,34,94
KIC013,2024-11,66,64,2,1,2,0,1,0,0,2,38.5,1,5,2,10
HUY014,2024-11,197,193,6,4,4,3,2,2,0,3,38.1,6,27,10,36
HUY015,2024-11,247,237,6,2,10,2,2,2,0,2,38.3,10,33,18,40
HUY016,2024-11,110,108,7,2,2,2,2,2,1,2,38.1,4,9,8,18
NYA017,2024-11,116,112,6,2,4,2,2,2,0,2,37.8,2,10,5,15
NYA018,2024-11,104,100,6,2,4,2,2,2,1,1,37.6,2,11,3,19
NYA019,2024-11,118,114,5,2,4,2,2,1,0,2,36.6,2,10,7,17
NYA020,2024-11,146,141,5,2,5,2,2,1,0,2,38.5,5,17,10,26
NYA021,2024-11,100,98,6,2,2,2,2,1,0,3,37.2,2,11,3,17
GIS022,2024-11,77,73,2,1,4,0,0,0,0,3,38.1,3,9,5,14
GIS023,2024-11,146,143,7,2,3,2,2,2,1,2,38.4,2,12,10,23
GIS024,2024-11,113,109,7,3,4,2,3,2,1,2,37.5,2,14,6,20
GIS025,2024-11,312,307,8,3,5,3,3,2,0,3,37.3,14,33,14,42
GIS026,2024-11,193,190,7,4,3,3,3,2,1,2,38.1,4,27,9,28
NYA027,2024-11,227,224,3,1,3,1,1,1,0,1,38.0,10,26,9,43
NYA028,2024-11,119,117,5,2,2,2,2,1,0,2,38.4,2,11,3,16
NYA029,2024-11,113,109,5,3,4,2,2,1,0,3,36.6,4,10,3,13
MUH030,2024-11,159,154,8,4,5,3,3,2,1,3,37.5,7,14,9,29
MUH031,2024-11,55,53,2,0,2,0,0,0,0,2,38.0,2,7,3,6
MUH032,2024-11,100,96,5,1,4,1,2,1,0,2,37.2,3,10,4,14
KAM033,2024-11,51,49,2,1,2,0,0,0,0,3,37.1,2,6,1,8
KAM034,2024-11,118,113,7,2,5,3,2,1,1,2,37.8,4,9,7,13
KAM035,2024-11,173,168,9,2,5,3,2,2,0,4,37.2,6,23,10,19
KAM036,2024-11,148,145,5,4,3,2,2,1,1,3,37.0,6,14,8,26
RUH037,2024-11,175,171,8,3,4,3,3,2,0,3,37.1,5,19,12,23
RUH038,2024-11,199,193,8,3,6,3,3,2,1,2,37.7,8,27,14,19
RUH039,2024-11,198,191,8,3,7,3,3,2,1,2,37.9,5,25,11,21
NYA040,2024-11,90,87,3,2,3,1,1,1,0,2,37.3,3,9,4,13
NYA041,2024-11,139,135,5,2,4,1,1,1,0,4,36.9,5,18,8,19
NYA042,2024-11,120,117,7,2,3,2,2,2,0,3,36.7,2,14,6,19
NYA043,2024-11,101,97,3,2,4,1,1,1,0,2,38.3,2,13,4,13
MUS044,2024-11,224,216,5,1,8,1,1,1,0,3,38.2,4,22,14,41
MUS045,2024-11,331,326,8,3,5,3,3,2,1,2,36.7,10,26,10,36
MUS046,2024-11,308,300,4,2,8,1,1,1,0,3,38.5,8,28,16,49
BUR047,2024-11,129,125,4,2,4,1,2,1,0,2,37.8,4,10,4,21
BUR048,2024-11,68,67,3,1,1,1,1,0,0,2,37.5,2,8,3,7
BUR049,2024-11,113,111,5,1,2,1,1,1,0,3,36.7,4,10,4,13
GAK050,2024-11,55,53,3,1,2,1,1,1,0,1,38.5,1,4,2,7
GAK051,2024-11,67,64,4,1,3,1,1,1,0,2,36.7,2,6,3,8
GAK052,2024-11,124,122,7,2,2,2,3,2,1,1,37.6,4,10,9,20
GAK053,2024-11,165,163,7,3,2,3,2,2,0,3,37.5,5,17,5,17
GAK054,2024-11,68,65,3,1,3,1,1,0,0,2,37.4,3,7,3,9
GIC055,2024-11,161,155,5,3,6,2,2,2,0,2,36.9,3,12,5,30
GIC056,2024-11,190,185,8,3,5,3,3,2,0,3,37.7,8,22,9,22
GIC057,2024-11,149,145,7,3,4,2,3,2,0,3,36.6,6,20,5,20
GIC058,2024-11,116,114,7,1,2,2,2,2,0,2,38.2,2,11,3,15
GIC059,2024-11,103,100,4,1,3,1,1,1,0,2,36.6,3,10,6,19
RUL060,2024-11,235,228,7,2,7,2,2,2,0,3,38.4,11,23,8,35
RUL061,2024-11,128,125,4,3,3,2,2,1,0,2,38.2,3,18,9,16
RUL062,2024-11,116,112,7,2,4,2,2,2,0,3,38.5,5,10,8,16
NGO063,2024-11,159,152,10,3,7,3,3,3,1,3,38.2,4,20,9,22
NGO064,2024-11,161,155,8,3,6,3,3,2,1,2,37.6,5,18,8,24
NGO065,2024-11,89,86,5,1,3,1,1,1,0,3,37.5,1,12,6,14
BUG066,2024-11,112,110,4,2,2,2,2,1,0,1,36.7,2,14,5,17
BUG067,2024-11,166,160,7,3,6,3,3,2,1,1,36.7,7,14,11,28
BUG068,2024-11,58,57,2,1,1,0,0,0,0,3,37.6,2,6,3,6
BUG069,2024-11,59,58,2,1,1,0,0,0,0,3,37.7,1,6,2,6
RWA070,2024-11,80,77,2,1,3,1,0,0,0,2,37.4,2,7,5,9
RWA071,2024-11,98,96,5,1,2,1,1,1,0,3,37.5,4,9,3,10
RWA072,2024-11,266,256,8,3,10,3,3,2,1,2,36.8,11,22,18,28
GAT073,2024-11,113,110,5,2,3,2,2,1,0,2,37.7,5,15,4,15
GAT074,2024-11,119,117,6,1,2,2,1,2,0,2,37.3,4,12,9,18
GAT075,2024-11,328,315,7,4,13,3,3,2,0,3,37.0,9,46,18,32
GAT076,2024-11,127,123,8,1,4,2,2,1,0,4,38.0,4,14,8,21
GAT077,2024-11,143,139,6,3,4,2,2,2,0,3,37.7,3,20,9,27
KAY078,2024-11,120,115,7,2,5,2,2,2,0,3,37.9,3,9,7,16
KAY079,2024-11,87,86,4,2,1,1,1,1,0,3,37.2,1,10,5,11
KAY080,2024-11,77,74,2,1,3,0,0,0,0,3,37.8,2,9,4,12
KAY081,2024-11,152,150,5,2,2,1,2,2,0,2,37.7,7,12,6,25
KIR082,2024-11,167,161,8,3,6,2,2,3,1,3,36.7,3,16,10,16
KIR083,2024-11,126,122,4,3,4,2,2,1,0,2,37.6,3,18,6,15
KIR084,2024-11,99,95,5,1,4,1,1,1,0,3,38.2,3,8,5,10
KIR085,2024-11,56,54,3,1,2,1,1,1,0,1,37.1,1,5,2,5
NYA086,2024-11,278,269,6,3,9,2,2,2,0,3,38.1,11,21,10,53
NYA087,2024-11,77,75,2,1,2,1,0,0,0,2,37.7,2,7,5,8
NYA088,2024-11,350,341,9,5,9,4,4,2,0,4,36.6,16,27,26,51
NYA089,2024-11,59,56,2,1,3,1,0,0,0,2,38.3,1,4,2,6
RUB090,2024-11,76,73,4,1,3,1,1,1,0,2,37.0,3,8,3,10
RUB091,2024-11,137,134,6,2,3,2,2,2,0,2,36.6,3,10,5,16
RUB092,2024-11,148,145,8,2,3,3,3,2,1,1,37.5,3,14,11,17
NYA093,2024-11,100,97,3,2,3,1,1,1,0,2,38.4,4,13,4,18
NYA094,2024-11,55,53,3,1,2,1,1,0,0,2,36.5,2,5,2,10
NYA095,2024-11,128,125,8,2,3,3,3,2,0,2,37.5,5,10,7,23
NYA096,2024-11,105,101,4,1,4,1,1,1,0,2,37.0,3,15,6,17
NYA097,2024-11,308,298,9,3,10,3,3,3,1,2,37.7,6,33,18,41
NGO098,2024-11,338,329,10,3,9,3,3,3,1,3,38.5,14,46,22,40
NGO099,2024-11,233,229,7,1,4,2,2,1,1,2,37.5,8,21,7,45
NGO100,2024-11,320,316,5,2,4,2,1,1,0,3,38.0,12,28,23,48
NGO101,2024-11,146,141,6,2,5,2,2,1,0,3,37.1,4,14,9,18
NGO102,2024-11,80,78,5,1,2,1,1,1,0,3,37.7,3,7,4,10
RUS103,2024-11,317,309,7,2,8,2,2,2,0,3,38.2,10,42,21,44
RUS104,2024-11,158,153,8,2,5,3,3,2,1,1,37.0,3,16,11,25
RUS105,2024-11,115,111,6,1,4,1,2,1,0,3,36.9,3,15,6,12
NYA106,2024-11,88,85,3,1,3,1,1,1,0,1,37.4,3,10,4,14
NYA107,2024-11,309,299,8,3,10,3,3,3,0,2,38.2,13,28,14,49
NYA108,2024-11,101,98,5,2,3,1,2,1,0,3,37.1,4,9,3,9
RUT109,2024-11,185,181,7,3,4,3,3,2,1,1,36.6,6,18,8,34
RUT110,2024-11,99,97,3,2,2,1,1,1,0,2,38.4,3,10,5,12
RUT111,2024-11,131,125,8,3,6,3,3,2,1,2,36.8,4,11,8,21
RUT112,2024-11,145,142,8,2,3,2,3,2,1,2,38.3,3,20,6,15
RUT113,2024-11,203,200,5,1,3,1,1,1,0,3,37.8,8,22,12,33
KAR114,2024-11,233,230,7,1,3,2,2,2,0,2,38.3,11,21,7,30
KAR115,2024-11,260,251,7,1,9,2,2,2,0,2,38.3,11,22,15,30
KAR116,2024-11,65,63,3,1,2,1,1,0,0,2,38.4,2,9,3,9
KAR117,2024-11,309,299,7,4,10,3,3,2,0,3,37.1,8,39,15,58
